league,season,match_url
Portugal Liga Portugal,2023-2024,https://www.oddsportal.com/football/portugal/liga-portugal-2023-2024/gil-vicente-vitoria-guimaraes-APMEujmH/
Portugal Liga Portugal,2023-2024,https://www.oddsportal.com/football/portugal/liga-portugal-2023-2024/casa-pia-rio-ave-f1zsJ10a/
Portugal Liga Portugal,2023-2024,https://www.oddsportal.com/football/portugal/liga-portugal-2023-2024/benfica-casa-pia-GWtkzFhl/
Portugal Liga Portugal,2023-2024,https://www.oddsportal.com/football/portugal/liga-portugal-2023-2024/gil-vicente-famalicao-p0YiXLej/
Portugal Liga Portugal,2023-2024,https://www.oddsportal.com/football/portugal/liga-portugal-2023-2024/sporting-lisbon-sc-farense-h8zhGTKb/
Portugal Liga Portugal,2023-2024,https://www.oddsportal.com/football/portugal/liga-portugal-2023-2024/sc-farense-braga-2NiJIh6G/
Portugal Liga Portugal,2023-2024,https://www.oddsportal.com/football/portugal/liga-portugal-2023-2024/boavista-arouca-CEtQhK4p/
Portugal Liga Portugal,2023-2024,https://www.oddsportal.com/football/portugal/liga-portugal-2023-2024/benfica-vitoria-guimaraes-23e2Qq8P/
Portugal Liga Portugal,2023-2024,https://www.oddsportal.com/football/portugal/liga-portugal-2023-2024/benfica-famalicao-nBLm489D/
Portugal Liga Portugal,2023-2024,https://www.oddsportal.com/football/portugal/liga-portugal-2023-2024/boavista-sc-farense-tCRCo3cH/
Portugal Liga Portugal,2023-2024,https://www.oddsportal.com/football/portugal/liga-portugal-2023-2024/vizela-braga-niPWBaBM/
Portugal Liga Portugal,2023-2024,https://www.oddsportal.com/football/portugal/liga-portugal-2023-2024/vizela-rio-ave-vwGym77B/
Portugal Liga Portugal,2023-2024,https://www.oddsportal.com/football/portugal/liga-portugal-2023-2024/chaves-sc-farense-OWvLdrO8/
Portugal Liga Portugal,2023-2024,https://www.oddsportal.com/football/portugal/liga-portugal-2023-2024/arouca-gil-vicente-vsAnT0tc/
Portugal Liga Portugal,2023-2024,https://www.oddsportal.com/football/portugal/liga-portugal-2023-2024/sporting-lisbon-boavista-Qk2drn4i/
Portugal Liga Portugal,2023-2024,https://www.oddsportal.com/football/portugal/liga-portugal-2023-2024/arouca-benfica-0dfUGogJ/
Portugal Liga Portugal,2023-2024,https://www.oddsportal.com/football/portugal/liga-portugal-2023-2024/sporting-lisbon-chaves-jFYGGxS8/
Portugal Liga Portugal,2023-2024,https://www.oddsportal.com/football/portugal/liga-portugal-2023-2024/vitoria-guimaraes-casa-pia-QgbtLI6Q/
Portugal Liga Portugal,2023-2024,https://www.oddsportal.com/football/portugal/liga-portugal-2023-2024/benfica-estoril-pxUZQpZG/
Portugal Liga Portugal,2023-2024,https://www.oddsportal.com/football/portugal/liga-portugal-2023-2024/sc-farense-chaves-zc3G2tGI/
Portugal Liga Portugal,2023-2024,https://www.oddsportal.com/football/portugal/liga-portugal-2023-2024/famalicao-braga-zVdzq4xC/
Portugal Liga Portugal,2023-2024,https://www.oddsportal.com/football/portugal/liga-portugal-2023-2024/estrela-da-amadora-portimonense-dEpf9L7E/
Portugal Liga Portugal,2023-2024,https://www.oddsportal.com/football/portugal/liga-portugal-2023-2024/sporting-lisbon-arouca-pljJuyVQ/
Portugal Liga Portugal,2023-2024,https://www.oddsportal.com/football/portugal/liga-portugal-2023-2024/sc-farense-rio-ave-lUnMxrYS/
Portugal Liga Portugal,2023-2024,https://www.oddsportal.com/football/portugal/liga-portugal-2023-2024/estrela-da-amadora-casa-pia-QZDYS644/
Portugal Liga Portugal,2023-2024,https://www.oddsportal.com/football/portugal/liga-portugal-2023-2024/boavista-famalicao-tjErN7c2/
Portugal Liga Portugal,2023-2024,https://www.oddsportal.com/football/portugal/liga-portugal-2023-2024/portimonense-casa-pia-rX1IqjoD/
Portugal Liga Portugal,2023-2024,https://www.oddsportal.com/football/portugal/liga-portugal-2023-2024/moreirense-braga-hYDB3M0C/
Portugal Liga Portugal,2023-2024,https://www.oddsportal.com/football/portugal/liga-portugal-2023-2024/fc-porto-estoril-feuijRrn/
Portugal Liga Portugal,2023-2024,https://www.oddsportal.com/football/portugal/liga-portugal-2023-2024/portimonense-estoril-21GDx8En/
Portugal Liga Portugal,2023-2024,https://www.oddsportal.com/football/portugal/liga-portugal-2023-2024/gil-vicente-portimonense-hn7mbM2j/
Portugal Liga Portugal,2023-2024,https://www.oddsportal.com/football/portugal/liga-portugal-2023-2024/estoril-portimonense-WhhHwOIM/
Portugal Liga Portugal,2023-2024,https://www.oddsportal.com/football/portugal/liga-portugal-2023-2024/famalicao-sporting-lisbon-h6qPe2wF/
Portugal Liga Portugal,2023-2024,https://www.oddsportal.com/football/portugal/liga-portugal-2023-2024/rio-ave-sc-farense-G4KHySTh/
Portugal Liga Portugal,2023-2024,https://www.oddsportal.com/football/portugal/liga-portugal-2023-2024/moreirense-estoril-buxPEGdL/
Portugal Liga Portugal,2023-2024,https://www.oddsportal.com/football/portugal/liga-portugal-2023-2024/braga-moreirense-pttHcO82/
Portugal Liga Portugal,2023-2024,https://www.oddsportal.com/football/portugal/liga-portugal-2023-2024/gil-vicente-casa-pia-WvwXTwWE/
Portugal Liga Portugal,2023-2024,https://www.oddsportal.com/football/portugal/liga-portugal-2023-2024/portimonense-sc-farense-h67VqpN5/
Portugal Liga Portugal,2023-2024,https://www.oddsportal.com/football/portugal/liga-portugal-2023-2024/arouca-casa-pia-YkfRciUj/
Portugal Liga Portugal,2023-2024,https://www.oddsportal.com/football/portugal/liga-portugal-2023-2024/estrela-da-amadora-sporting-lisbon-8hMbj12S/
Portugal Liga Portugal,2023-2024,https://www.oddsportal.com/football/portugal/liga-portugal-2023-2024/casa-pia-braga-bkk6MkPs/
Portugal Liga Portugal,2023-2024,https://www.oddsportal.com/football/portugal/liga-portugal-2023-2024/famalicao-estoril-jqSv6Uv1/
Portugal Liga Portugal,2023-2024,https://www.oddsportal.com/football/portugal/liga-portugal-2023-2024/benfica-vizela-WzFw1cFf/
Portugal Liga Portugal,2023-2024,https://www.oddsportal.com/football/portugal/liga-portugal-2023-2024/sporting-lisbon-braga-ELXXgt8R/
Portugal Liga Portugal,2023-2024,https://www.oddsportal.com/football/portugal/liga-portugal-2023-2024/famalicao-benfica-xYs23Sih/
Portugal Liga Portugal,2023-2024,https://www.oddsportal.com/football/portugal/liga-portugal-2023-2024/arouca-sc-farense-vaFrfq33/
Portugal Liga Portugal,2023-2024,https://www.oddsportal.com/football/portugal/liga-portugal-2023-2024/chaves-boavista-ALQU2Jpr/
Portugal Liga Portugal,2023-2024,https://www.oddsportal.com/football/portugal/liga-portugal-2023-2024/sporting-lisbon-fc-porto-ChTz7APf/
Portugal Liga Portugal,2023-2024,https://www.oddsportal.com/football/portugal/liga-portugal-2023-2024/boavista-fc-porto-xEwDuVVJ/
Portugal Liga Portugal,2023-2024,https://www.oddsportal.com/football/portugal/liga-portugal-2023-2024/vitoria-guimaraes-arouca-6k5Jnnwm/
Portugal Liga Portugal,2023-2024,https://www.oddsportal.com/football/portugal/liga-portugal-2023-2024/rio-ave-sporting-lisbon-AoxPCfE6/
Portugal Liga Portugal,2023-2024,https://www.oddsportal.com/football/portugal/liga-portugal-2023-2024/estrela-da-amadora-vitoria-guimaraes-Wx6ictId/
Portugal Liga Portugal,2023-2024,https://www.oddsportal.com/football/portugal/liga-portugal-2023-2024/estoril-braga-hr95nh1f/
Portugal Liga Portugal,2023-2024,https://www.oddsportal.com/football/portugal/liga-portugal-2023-2024/vitoria-guimaraes-chaves-8vH9wlat/
Portugal Liga Portugal,2023-2024,https://www.oddsportal.com/football/portugal/liga-portugal-2023-2024/gil-vicente-estoril-zyjRGWzT/
Portugal Liga Portugal,2023-2024,https://www.oddsportal.com/football/portugal/liga-portugal-2023-2024/casa-pia-vizela-6gDUYPDB/
Portugal Liga Portugal,2023-2024,https://www.oddsportal.com/football/portugal/liga-portugal-2023-2024/estrela-da-amadora-rio-ave-SKgswWwm/
Portugal Liga Portugal,2023-2024,https://www.oddsportal.com/football/portugal/liga-portugal-2023-2024/famalicao-portimonense-jDsldBpP/
Portugal Liga Portugal,2023-2024,https://www.oddsportal.com/football/portugal/liga-portugal-2023-2024/vitoria-guimaraes-estoril-AVyyTcoL/
Portugal Liga Portugal,2023-2024,https://www.oddsportal.com/football/portugal/liga-portugal-2023-2024/sporting-lisbon-casa-pia-4QvmNsXk/
Portugal Liga Portugal,2023-2024,https://www.oddsportal.com/football/portugal/liga-portugal-2023-2024/fc-porto-sc-farense-lIMLD6OJ/
Portugal Liga Portugal,2023-2024,https://www.oddsportal.com/football/portugal/liga-portugal-2023-2024/arouca-estrela-da-amadora-ImwNb46N/
Portugal Liga Portugal,2023-2024,https://www.oddsportal.com/football/portugal/liga-portugal-2023-2024/estoril-sporting-lisbon-dGiQgFKe/
Portugal Liga Portugal,2023-2024,https://www.oddsportal.com/football/portugal/liga-portugal-2023-2024/afs-portimonense-OGQLtQt1/
Portugal Liga Portugal,2023-2024,https://www.oddsportal.com/football/portugal/liga-portugal-2023-2024/vitoria-guimaraes-moreirense-YZTog3I9/
Portugal Liga Portugal,2023-2024,https://www.oddsportal.com/football/portugal/liga-portugal-2023-2024/sc-farense-estoril-YayB16M4/
Portugal Liga Portugal,2023-2024,https://www.oddsportal.com/football/portugal/liga-portugal-2023-2024/sporting-lisbon-moreirense-CdsgCjqp/
Portugal Liga Portugal,2023-2024,https://www.oddsportal.com/football/portugal/liga-portugal-2023-2024/arouca-vizela-lEQxp5v3/
Portugal Liga Portugal,2023-2024,https://www.oddsportal.com/football/portugal/liga-portugal-2023-2024/casa-pia-estoril-EiA1mYol/
Portugal Liga Portugal,2023-2024,https://www.oddsportal.com/football/portugal/liga-portugal-2023-2024/sc-farense-estrela-da-amadora-8KMq5lf7/
Portugal Liga Portugal,2023-2024,https://www.oddsportal.com/football/portugal/liga-portugal-2023-2024/gil-vicente-fc-porto-hARTBETC/
Portugal Liga Portugal,2023-2024,https://www.oddsportal.com/football/portugal/liga-portugal-2023-2024/casa-pia-vitoria-guimaraes-YBV1AUDd/
Portugal Liga Portugal,2023-2024,https://www.oddsportal.com/football/portugal/liga-portugal-2023-2024/portimonense-vizela-6Vt8CoKN/
Portugal Liga Portugal,2023-2024,https://www.oddsportal.com/football/portugal/liga-portugal-2023-2024/casa-pia-benfica-bqAAKrCp/
Portugal Liga Portugal,2023-2024,https://www.oddsportal.com/football/portugal/liga-portugal-2023-2024/vitoria-guimaraes-estrela-da-amadora-lxDjofJu/
Portugal Liga Portugal,2023-2024,https://www.oddsportal.com/football/portugal/liga-portugal-2023-2024/sporting-lisbon-gil-vicente-j5uUivKj/
Portugal Liga Portugal,2023-2024,https://www.oddsportal.com/football/portugal/liga-portugal-2023-2024/sporting-lisbon-estoril-6ZGeX6w0/
Portugal Liga Portugal,2023-2024,https://www.oddsportal.com/football/portugal/liga-portugal-2023-2024/chaves-estoril-xAg6XR7O/
Portugal Liga Portugal,2023-2024,https://www.oddsportal.com/football/portugal/liga-portugal-2023-2024/braga-benfica-IVTW7jAl/
Portugal Liga Portugal,2023-2024,https://www.oddsportal.com/football/portugal/liga-portugal-2023-2024/vizela-moreirense-SrdMI7O6/
Portugal Liga Portugal,2023-2024,https://www.oddsportal.com/football/portugal/liga-portugal-2023-2024/estrela-da-amadora-famalicao-6LZ1XCx7/
Portugal Liga Portugal,2023-2024,https://www.oddsportal.com/football/portugal/liga-portugal-2023-2024/rio-ave-moreirense-UFI7Ny9r/
Portugal Liga Portugal,2023-2024,https://www.oddsportal.com/football/portugal/liga-portugal-2023-2024/vizela-vitoria-guimaraes-IgIgtNwS/
Portugal Liga Portugal,2023-2024,https://www.oddsportal.com/football/portugal/liga-portugal-2023-2024/chaves-gil-vicente-K4BKKZh1/
Portugal Liga Portugal,2023-2024,https://www.oddsportal.com/football/portugal/liga-portugal-2023-2024/boavista-rio-ave-CQSkhNXF/
Portugal Liga Portugal,2023-2024,https://www.oddsportal.com/football/portugal/liga-portugal-2023-2024/sc-farense-famalicao-p4O3lKVl/
Portugal Liga Portugal,2023-2024,https://www.oddsportal.com/football/portugal/liga-portugal-2023-2024/arouca-sporting-lisbon-vaTwQ4lN/
Portugal Liga Portugal,2023-2024,https://www.oddsportal.com/football/portugal/liga-portugal-2023-2024/estoril-vitoria-guimaraes-Svr4DR4H/
Portugal Liga Portugal,2023-2024,https://www.oddsportal.com/football/portugal/liga-portugal-2023-2024/estrela-da-amadora-braga-OEwTUJG8/
Portugal Liga Portugal,2023-2024,https://www.oddsportal.com/football/portugal/liga-portugal-2023-2024/moreirense-sporting-lisbon-ht0YMvxE/
Portugal Liga Portugal,2023-2024,https://www.oddsportal.com/football/portugal/liga-portugal-2023-2024/arouca-chaves-SnAvOmrd/
Portugal Liga Portugal,2023-2024,https://www.oddsportal.com/football/portugal/liga-portugal-2023-2024/rio-ave-estrela-da-amadora-vLYBGNdi/
Portugal Liga Portugal,2023-2024,https://www.oddsportal.com/football/portugal/liga-portugal-2023-2024/sporting-lisbon-rio-ave-zkVaVVkM/
Portugal Liga Portugal,2023-2024,https://www.oddsportal.com/football/portugal/liga-portugal-2023-2024/sc-farense-casa-pia-E1qde22F/
Portugal Liga Portugal,2023-2024,https://www.oddsportal.com/football/portugal/liga-portugal-2023-2024/vizela-benfica-MBzMJYjA/
Portugal Liga Portugal,2023-2024,https://www.oddsportal.com/football/portugal/liga-portugal-2023-2024/estrela-da-amadora-arouca-hQ39L9vl/
Portugal Liga Portugal,2023-2024,https://www.oddsportal.com/football/portugal/liga-portugal-2023-2024/fc-porto-estrela-da-amadora-lCPY1w0l/
Portugal Liga Portugal,2023-2024,https://www.oddsportal.com/football/portugal/liga-portugal-2023-2024/moreirense-vitoria-guimaraes-vq5sWNcU/
Portugal Liga Portugal,2023-2024,https://www.oddsportal.com/football/portugal/liga-portugal-2023-2024/rio-ave-gil-vicente-EgkL72X2/
Portugal Liga Portugal,2023-2024,https://www.oddsportal.com/football/portugal/liga-portugal-2023-2024/vitoria-guimaraes-fc-porto-bmx8nqrB/
Portugal Liga Portugal,2023-2024,https://www.oddsportal.com/football/portugal/liga-portugal-2023-2024/arouca-moreirense-beWgZY7f/
Portugal Liga Portugal,2023-2024,https://www.oddsportal.com/football/portugal/liga-portugal-2023-2024/braga-arouca-4O7UpuQk/
Portugal Liga Portugal,2023-2024,https://www.oddsportal.com/football/portugal/liga-portugal-2023-2024/braga-vizela-vPz3Y7hI/
Portugal Liga Portugal,2023-2024,https://www.oddsportal.com/football/portugal/liga-portugal-2023-2024/sc-farense-boavista-0j1wqJf2/
Portugal Liga Portugal,2023-2024,https://www.oddsportal.com/football/portugal/liga-portugal-2023-2024/portimonense-boavista-C0wwkNoJ/
Portugal Liga Portugal,2023-2024,https://www.oddsportal.com/football/portugal/liga-portugal-2023-2024/portimonense-gil-vicente-Moant2MU/
Portugal Liga Portugal,2023-2024,https://www.oddsportal.com/football/portugal/liga-portugal-2023-2024/sc-farense-benfica-Aqqnxjgg/
Portugal Liga Portugal,2023-2024,https://www.oddsportal.com/football/portugal/liga-portugal-2023-2024/rio-ave-portimonense-z9LaWQh6/
Portugal Liga Portugal,2023-2024,https://www.oddsportal.com/football/portugal/liga-portugal-2023-2024/chaves-arouca-dtsqIkjn/
Portugal Liga Portugal,2023-2024,https://www.oddsportal.com/football/portugal/liga-portugal-2023-2024/estrela-da-amadora-fc-porto-rLyIKEy4/
Portugal Liga Portugal,2023-2024,https://www.oddsportal.com/football/portugal/liga-portugal-2023-2024/braga-portimonense-bT9Mznqa/
Portugal Liga Portugal,2023-2024,https://www.oddsportal.com/football/portugal/liga-portugal-2023-2024/fc-porto-casa-pia-xxW34H3d/
Portugal Liga Portugal,2023-2024,https://www.oddsportal.com/football/portugal/liga-portugal-2023-2024/fc-porto-vitoria-guimaraes-Ma2Zqaud/
Portugal Liga Portugal,2023-2024,https://www.oddsportal.com/football/portugal/liga-portugal-2023-2024/estrela-da-amadora-benfica-G2NAtWXA/
Portugal Liga Portugal,2023-2024,https://www.oddsportal.com/football/portugal/liga-portugal-2023-2024/boavista-estoril-U7h8oIF7/
Portugal Liga Portugal,2023-2024,https://www.oddsportal.com/football/portugal/liga-portugal-2023-2024/casa-pia-famalicao-ARDCTOxP/
Portugal Liga Portugal,2023-2024,https://www.oddsportal.com/football/portugal/liga-portugal-2023-2024/vitoria-guimaraes-gil-vicente-xOrEfRHs/
Portugal Liga Portugal,2023-2024,https://www.oddsportal.com/football/portugal/liga-portugal-2023-2024/sc-farense-vitoria-guimaraes-8nofbtsN/
Portugal Liga Portugal,2023-2024,https://www.oddsportal.com/football/portugal/liga-portugal-2023-2024/sporting-lisbon-famalicao-l07K10VO/
Portugal Liga Portugal,2023-2024,https://www.oddsportal.com/football/portugal/liga-portugal-2023-2024/portimonense-famalicao-UBSe6wZq/
Portugal Liga Portugal,2023-2024,https://www.oddsportal.com/football/portugal/liga-portugal-2023-2024/portimonense-chaves-UyCnu1zo/
Portugal Liga Portugal,2023-2024,https://www.oddsportal.com/football/portugal/liga-portugal-2023-2024/fc-porto-rio-ave-ry2YYvW1/
Portugal Liga Portugal,2023-2024,https://www.oddsportal.com/football/portugal/liga-portugal-2023-2024/moreirense-arouca-xz9EJ2Rj/
Portugal Liga Portugal,2023-2024,https://www.oddsportal.com/football/portugal/liga-portugal-2023-2024/vitoria-guimaraes-boavista-dEQWmmh5/
Portugal Liga Portugal,2023-2024,https://www.oddsportal.com/football/portugal/liga-portugal-2023-2024/gil-vicente-sc-farense-b7bdD3LG/
Portugal Liga Portugal,2023-2024,https://www.oddsportal.com/football/portugal/liga-portugal-2023-2024/famalicao-vitoria-guimaraes-beAOJg87/
Portugal Liga Portugal,2023-2024,https://www.oddsportal.com/football/portugal/liga-portugal-2023-2024/casa-pia-arouca-vwza8uNK/
Portugal Liga Portugal,2023-2024,https://www.oddsportal.com/football/portugal/liga-portugal-2023-2024/arouca-boavista-dx3BrhGP/
Portugal Liga Portugal,2023-2024,https://www.oddsportal.com/football/portugal/liga-portugal-2023-2024/famalicao-moreirense-6cmIgoXm/
Portugal Liga Portugal,2023-2024,https://www.oddsportal.com/football/portugal/liga-portugal-2023-2024/rio-ave-vizela-QcCbQbQF/
Portugal Liga Portugal,2023-2024,https://www.oddsportal.com/football/portugal/liga-portugal-2023-2024/boavista-vizela-AJHa8EZl/
Portugal Liga Portugal,2023-2024,https://www.oddsportal.com/football/portugal/liga-portugal-2023-2024/estoril-arouca-re0rsr7O/
Portugal Liga Portugal,2023-2024,https://www.oddsportal.com/football/portugal/liga-portugal-2023-2024/vizela-sc-farense-6oVVRQJA/
Portugal Liga Portugal,2023-2024,https://www.oddsportal.com/football/portugal/liga-portugal-2023-2024/estoril-boavista-l0TkHuVB/
Portugal Liga Portugal,2023-2024,https://www.oddsportal.com/football/portugal/liga-portugal-2023-2024/estoril-sc-farense-EHDZRB1K/
Portugal Liga Portugal,2023-2024,https://www.oddsportal.com/football/portugal/liga-portugal-2023-2024/vitoria-guimaraes-portimonense-zeY9Mz7i/
Portugal Liga Portugal,2023-2024,https://www.oddsportal.com/football/portugal/liga-portugal-2023-2024/vizela-sporting-lisbon-ELevrOiI/
Portugal Liga Portugal,2023-2024,https://www.oddsportal.com/football/portugal/liga-portugal-2023-2024/moreirense-estrela-da-amadora-QThP6Mn9/
Portugal Liga Portugal,2023-2024,https://www.oddsportal.com/football/portugal/liga-portugal-2023-2024/estrela-da-amadora-vizela-G4xHvkoQ/
Portugal Liga Portugal,2023-2024,https://www.oddsportal.com/football/portugal/liga-portugal-2023-2024/vitoria-guimaraes-vizela-pl8i8pns/
Portugal Liga Portugal,2023-2024,https://www.oddsportal.com/football/portugal/liga-portugal-2023-2024/portimonense-estrela-da-amadora-faeNbXEp/
Portugal Liga Portugal,2023-2024,https://www.oddsportal.com/football/portugal/liga-portugal-2023-2024/famalicao-chaves-pKSnZS8m/
Portugal Liga Portugal,2023-2024,https://www.oddsportal.com/football/portugal/liga-portugal-2023-2024/casa-pia-portimonense-EPojaMRG/
Portugal Liga Portugal,2023-2024,https://www.oddsportal.com/football/portugal/liga-portugal-2023-2024/benfica-sc-farense-IBXFFsCc/
Portugal Liga Portugal,2023-2024,https://www.oddsportal.com/football/portugal/liga-portugal-2023-2024/fc-porto-braga-QwlMmSNt/
Portugal Liga Portugal,2023-2024,https://www.oddsportal.com/football/portugal/liga-portugal-2023-2024/vizela-portimonense-hfRuSH0R/
Portugal Liga Portugal,2023-2024,https://www.oddsportal.com/football/portugal/liga-portugal-2023-2024/fc-porto-portimonense-OxIBMeOl/
Portugal Liga Portugal,2023-2024,https://www.oddsportal.com/football/portugal/liga-portugal-2023-2024/famalicao-casa-pia-KlwLFdsF/
Portugal Liga Portugal,2023-2024,https://www.oddsportal.com/football/portugal/liga-portugal-2023-2024/moreirense-sc-farense-fZBWP9Dq/
Portugal Liga Portugal,2023-2024,https://www.oddsportal.com/football/portugal/liga-portugal-2023-2024/famalicao-arouca-rsDhXiL9/
Portugal Liga Portugal,2023-2024,https://www.oddsportal.com/football/portugal/liga-portugal-2023-2024/benfica-braga-QgEqooxO/
Portugal Liga Portugal,2023-2024,https://www.oddsportal.com/football/portugal/liga-portugal-2023-2024/gil-vicente-benfica-K6045rWa/
Portugal Liga Portugal,2023-2024,https://www.oddsportal.com/football/portugal/liga-portugal-2023-2024/arouca-vitoria-guimaraes-GdIe9fKr/
Portugal Liga Portugal,2023-2024,https://www.oddsportal.com/football/portugal/liga-portugal-2023-2024/casa-pia-gil-vicente-pGhaE7kB/
Portugal Liga Portugal,2023-2024,https://www.oddsportal.com/football/portugal/liga-portugal-2023-2024/portimonense-fc-porto-xEXw7Pso/
Portugal Liga Portugal,2023-2024,https://www.oddsportal.com/football/portugal/liga-portugal-2023-2024/estoril-fc-porto-fkIfismM/
Portugal Liga Portugal,2023-2024,https://www.oddsportal.com/football/portugal/liga-portugal-2023-2024/casa-pia-sporting-lisbon-plnMh5nf/
Portugal Liga Portugal,2023-2024,https://www.oddsportal.com/football/portugal/liga-portugal-2023-2024/braga-vitoria-guimaraes-M5eQHRwD/
Portugal Liga Portugal,2023-2024,https://www.oddsportal.com/football/portugal/liga-portugal-2023-2024/estoril-moreirense-OU1fh8FP/
Portugal Liga Portugal,2023-2024,https://www.oddsportal.com/football/portugal/liga-portugal-2023-2024/casa-pia-estrela-da-amadora-Cbb6rwo8/
Portugal Liga Portugal,2023-2024,https://www.oddsportal.com/football/portugal/liga-portugal-2023-2024/sporting-lisbon-vizela-M3GH3ruT/
Portugal Liga Portugal,2023-2024,https://www.oddsportal.com/football/portugal/liga-portugal-2023-2024/benfica-moreirense-Io47qY0J/
Portugal Liga Portugal,2023-2024,https://www.oddsportal.com/football/portugal/liga-portugal-2023-2024/moreirense-gil-vicente-d0obZmwC/
Portugal Liga Portugal,2023-2024,https://www.oddsportal.com/football/portugal/liga-portugal-2023-2024/estrela-da-amadora-moreirense-SSPKqsST/
Portugal Liga Portugal,2023-2024,https://www.oddsportal.com/football/portugal/liga-portugal-2023-2024/estrela-da-amadora-chaves-WWbxMbiK/
Portugal Liga Portugal,2023-2024,https://www.oddsportal.com/football/portugal/liga-portugal-2023-2024/arouca-braga-ppY3mPS4/
Portugal Liga Portugal,2023-2024,https://www.oddsportal.com/football/portugal/liga-portugal-2023-2024/rio-ave-braga-vJBMV8Ko/
Portugal Liga Portugal,2023-2024,https://www.oddsportal.com/football/portugal/liga-portugal-2023-2024/chaves-fc-porto-0CSRcOLT/
Portugal Liga Portugal,2023-2024,https://www.oddsportal.com/football/portugal/liga-portugal-2023-2024/vizela-famalicao-WtjV3pDo/
Portugal Liga Portugal,2023-2024,https://www.oddsportal.com/football/portugal/liga-portugal-2023-2024/gil-vicente-chaves-hMFQUSZi/
Portugal Liga Portugal,2023-2024,https://www.oddsportal.com/football/portugal/liga-portugal-2023-2024/arouca-estoril-OC2qa2mp/
Portugal Liga Portugal,2023-2024,https://www.oddsportal.com/football/portugal/liga-portugal-2023-2024/estoril-chaves-S2tUAJQS/
Portugal Liga Portugal,2023-2024,https://www.oddsportal.com/football/portugal/liga-portugal-2023-2024/braga-sporting-lisbon-4CsUL3Gt/
Portugal Liga Portugal,2023-2024,https://www.oddsportal.com/football/portugal/liga-portugal-2023-2024/braga-sc-farense-rBIs0HU0/
Portugal Liga Portugal,2023-2024,https://www.oddsportal.com/football/portugal/liga-portugal-2023-2024/vizela-estoril-2Fk8GxFs/
Portugal Liga Portugal,2023-2024,https://www.oddsportal.com/football/portugal/liga-portugal-2023-2024/chaves-rio-ave-KzU1rh3b/
Portugal Liga Portugal,2023-2024,https://www.oddsportal.com/football/portugal/liga-portugal-2023-2024/casa-pia-chaves-rBMSlTxa/
Portugal Liga Portugal,2023-2024,https://www.oddsportal.com/football/portugal/liga-portugal-2023-2024/vizela-chaves-z7bAoCG0/
Portugal Liga Portugal,2023-2024,https://www.oddsportal.com/football/portugal/liga-portugal-2023-2024/benfica-boavista-tpVcqYmh/
Portugal Liga Portugal,2023-2024,https://www.oddsportal.com/football/portugal/liga-portugal-2023-2024/gil-vicente-moreirense-80QSCudG/
Portugal Liga Portugal,2023-2024,https://www.oddsportal.com/football/portugal/liga-portugal-2023-2024/benfica-sporting-lisbon-jNYal5Db/
Portugal Liga Portugal,2023-2024,https://www.oddsportal.com/football/portugal/liga-portugal-2023-2024/portimonense-sporting-lisbon-dt3vRVGQ/
Portugal Liga Portugal,2023-2024,https://www.oddsportal.com/football/portugal/liga-portugal-2023-2024/estrela-da-amadora-gil-vicente-lAG37Yle/
Portugal Liga Portugal,2023-2024,https://www.oddsportal.com/football/portugal/liga-portugal-2023-2024/fc-porto-arouca-6yvoILF5/
Portugal Liga Portugal,2023-2024,https://www.oddsportal.com/football/portugal/liga-portugal-2023-2024/braga-rio-ave-2TGFLFwe/
Portugal Liga Portugal,2023-2024,https://www.oddsportal.com/football/portugal/liga-portugal-2023-2024/rio-ave-vitoria-guimaraes-GOt62n7b/
Portugal Liga Portugal,2023-2024,https://www.oddsportal.com/football/portugal/liga-portugal-2023-2024/vizela-gil-vicente-SjSgGapI/
Portugal Liga Portugal,2023-2024,https://www.oddsportal.com/football/portugal/liga-portugal-2023-2024/gil-vicente-vizela-rBtjA1h8/
Portugal Liga Portugal,2023-2024,https://www.oddsportal.com/football/portugal/liga-portugal-2023-2024/casa-pia-boavista-bm0Mysnq/
Portugal Liga Portugal,2023-2024,https://www.oddsportal.com/football/portugal/liga-portugal-2023-2024/portimonense-moreirense-ITEunRMH/
Portugal Liga Portugal,2023-2024,https://www.oddsportal.com/football/portugal/liga-portugal-2023-2024/sc-farense-arouca-S81wX3rO/
Portugal Liga Portugal,2023-2024,https://www.oddsportal.com/football/portugal/liga-portugal-2023-2024/benfica-arouca-CjdpG5yb/
Portugal Liga Portugal,2023-2024,https://www.oddsportal.com/football/portugal/liga-portugal-2023-2024/vizela-arouca-Y9vZk3WC/
Portugal Liga Portugal,2023-2024,https://www.oddsportal.com/football/portugal/liga-portugal-2023-2024/estoril-famalicao-U7vf5lNu/
Portugal Liga Portugal,2023-2024,https://www.oddsportal.com/football/portugal/liga-portugal-2023-2024/moreirense-boavista-xtroyewr/
Portugal Liga Portugal,2023-2024,https://www.oddsportal.com/football/portugal/liga-portugal-2023-2024/fc-porto-benfica-IkruJVzt/
Portugal Liga Portugal,2023-2024,https://www.oddsportal.com/football/portugal/liga-portugal-2023-2024/gil-vicente-arouca-llNOk9Nh/
Portugal Liga Portugal,2023-2024,https://www.oddsportal.com/football/portugal/liga-portugal-2023-2024/gil-vicente-braga-WEgteGUD/
Portugal Liga Portugal,2023-2024,https://www.oddsportal.com/football/portugal/liga-portugal-2023-2024/rio-ave-arouca-lzrjyA8a/
Portugal Liga Portugal,2023-2024,https://www.oddsportal.com/football/portugal/liga-portugal-2023-2024/rio-ave-casa-pia-OfN7mvoe/
Portugal Liga Portugal,2023-2024,https://www.oddsportal.com/football/portugal/liga-portugal-2023-2024/fc-porto-chaves-WG2DKTgf/
Portugal Liga Portugal,2023-2024,https://www.oddsportal.com/football/portugal/liga-portugal-2023-2024/sporting-lisbon-benfica-QX8QoLAq/
Portugal Liga Portugal,2023-2024,https://www.oddsportal.com/football/portugal/liga-portugal-2023-2024/braga-estrela-da-amadora-nVZeFmz5/
Portugal Liga Portugal,2023-2024,https://www.oddsportal.com/football/portugal/liga-portugal-2023-2024/rio-ave-boavista-G4tmi7Tu/
Portugal Liga Portugal,2023-2024,https://www.oddsportal.com/football/portugal/liga-portugal-2023-2024/benfica-chaves-08GvePmc/
Portugal Liga Portugal,2023-2024,https://www.oddsportal.com/football/portugal/liga-portugal-2023-2024/chaves-benfica-ppCYXqTH/
Portugal Liga Portugal,2023-2024,https://www.oddsportal.com/football/portugal/liga-portugal-2023-2024/benfica-estrela-da-amadora-zFdna79Q/
Portugal Liga Portugal,2023-2024,https://www.oddsportal.com/football/portugal/liga-portugal-2023-2024/portimonense-vitoria-guimaraes-ITY27axR/
Portugal Liga Portugal,2023-2024,https://www.oddsportal.com/football/portugal/liga-portugal-2023-2024/vizela-casa-pia-b3xdWuBd/
Portugal Liga Portugal,2023-2024,https://www.oddsportal.com/football/portugal/liga-portugal-2023-2024/boavista-benfica-tlolcOX2/
Portugal Liga Portugal,2023-2024,https://www.oddsportal.com/football/portugal/liga-portugal-2023-2024/arouca-famalicao-OUwHEGqf/
Portugal Liga Portugal,2023-2024,https://www.oddsportal.com/football/portugal/liga-portugal-2023-2024/estoril-estrela-da-amadora-xvaQz11k/
Portugal Liga Portugal,2023-2024,https://www.oddsportal.com/football/portugal/liga-portugal-2023-2024/sporting-lisbon-portimonense-CjzF0QyB/
Portugal Liga Portugal,2023-2024,https://www.oddsportal.com/football/portugal/liga-portugal-2023-2024/boavista-estrela-da-amadora-hMTFiVht/
Portugal Liga Portugal,2023-2024,https://www.oddsportal.com/football/portugal/liga-portugal-2023-2024/chaves-vitoria-guimaraes-h2gDv43G/
Portugal Liga Portugal,2023-2024,https://www.oddsportal.com/football/portugal/liga-portugal-2023-2024/famalicao-rio-ave-xYHoayp7/
Portugal Liga Portugal,2023-2024,https://www.oddsportal.com/football/portugal/liga-portugal-2023-2024/rio-ave-benfica-COZCHIC2/
Portugal Liga Portugal,2023-2024,https://www.oddsportal.com/football/portugal/liga-portugal-2023-2024/chaves-sporting-lisbon-dO98U4NI/
Portugal Liga Portugal,2023-2024,https://www.oddsportal.com/football/portugal/liga-portugal-2023-2024/chaves-estrela-da-amadora-fLWcBAbj/
Portugal Liga Portugal,2023-2024,https://www.oddsportal.com/football/portugal/liga-portugal-2023-2024/moreirense-fc-porto-UDspb4Id/
Portugal Liga Portugal,2023-2024,https://www.oddsportal.com/football/portugal/liga-portugal-2023-2024/braga-gil-vicente-buf9uplA/
Portugal Liga Portugal,2023-2024,https://www.oddsportal.com/football/portugal/liga-portugal-2023-2024/moreirense-casa-pia-SrIiYnOg/
Portugal Liga Portugal,2023-2024,https://www.oddsportal.com/football/portugal/liga-portugal-2023-2024/boavista-casa-pia-biCe741m/
Portugal Liga Portugal,2023-2024,https://www.oddsportal.com/football/portugal/liga-portugal-2023-2024/moreirense-portimonense-6eQS8Wfr/
Portugal Liga Portugal,2023-2024,https://www.oddsportal.com/football/portugal/liga-portugal-2023-2024/fc-porto-boavista-Qg0lFPj4/
Portugal Liga Portugal,2023-2024,https://www.oddsportal.com/football/portugal/liga-portugal-2023-2024/boavista-sporting-lisbon-CbzbYhN0/
Portugal Liga Portugal,2023-2024,https://www.oddsportal.com/football/portugal/liga-portugal-2023-2024/famalicao-sc-farense-0vywKsog/
Portugal Liga Portugal,2023-2024,https://www.oddsportal.com/football/portugal/liga-portugal-2023-2024/casa-pia-moreirense-2ghMfe5k/
Portugal Liga Portugal,2023-2024,https://www.oddsportal.com/football/portugal/liga-portugal-2023-2024/casa-pia-fc-porto-AcOKjk8n/
Portugal Liga Portugal,2023-2024,https://www.oddsportal.com/football/portugal/liga-portugal-2023-2024/vitoria-guimaraes-sporting-lisbon-EwRODLtA/
Portugal Liga Portugal,2023-2024,https://www.oddsportal.com/football/portugal/liga-portugal-2023-2024/vitoria-guimaraes-rio-ave-0E9VSinE/
Portugal Liga Portugal,2023-2024,https://www.oddsportal.com/football/portugal/liga-portugal-2023-2024/gil-vicente-estrela-da-amadora-v33RpQ7a/
Portugal Liga Portugal,2023-2024,https://www.oddsportal.com/football/portugal/liga-portugal-2023-2024/sc-farense-sporting-lisbon-pOvPVa12/
Portugal Liga Portugal,2023-2024,https://www.oddsportal.com/football/portugal/liga-portugal-2023-2024/rio-ave-estoril-rHwiM1nd/
Portugal Liga Portugal,2023-2024,https://www.oddsportal.com/football/portugal/liga-portugal-2023-2024/vitoria-guimaraes-benfica-WdrTfMhL/
Portugal Liga Portugal,2023-2024,https://www.oddsportal.com/football/portugal/liga-portugal-2023-2024/boavista-moreirense-h2XsPO3T/
Portugal Liga Portugal,2023-2024,https://www.oddsportal.com/football/portugal/liga-portugal-2023-2024/boavista-vitoria-guimaraes-n7DfRvB9/
Portugal Liga Portugal,2023-2024,https://www.oddsportal.com/football/portugal/liga-portugal-2023-2024/estoril-benfica-6ciFtHFK/
Portugal Liga Portugal,2023-2024,https://www.oddsportal.com/football/portugal/liga-portugal-2023-2024/gil-vicente-sporting-lisbon-EHkwvCOt/
Portugal Liga Portugal,2023-2024,https://www.oddsportal.com/football/portugal/liga-portugal-2023-2024/braga-chaves-ANRYpoPd/
Portugal Liga Portugal,2023-2024,https://www.oddsportal.com/football/portugal/liga-portugal-2023-2024/benfica-fc-porto-YPAzPTSk/
Portugal Liga Portugal,2023-2024,https://www.oddsportal.com/football/portugal/liga-portugal-2023-2024/estoril-gil-vicente-GOGkbeaD/
Portugal Liga Portugal,2023-2024,https://www.oddsportal.com/football/portugal/liga-portugal-2023-2024/braga-boavista-tSVeWBzG/
Portugal Liga Portugal,2023-2024,https://www.oddsportal.com/football/portugal/liga-portugal-2023-2024/boavista-braga-WfwLDza0/
Portugal Liga Portugal,2023-2024,https://www.oddsportal.com/football/portugal/liga-portugal-2023-2024/sporting-lisbon-estrela-da-amadora-CWZekobh/
Portugal Liga Portugal,2023-2024,https://www.oddsportal.com/football/portugal/liga-portugal-2023-2024/arouca-portimonense-S8LPCQwQ/
Portugal Liga Portugal,2023-2024,https://www.oddsportal.com/football/portugal/liga-portugal-2023-2024/vitoria-guimaraes-famalicao-nqFUTnkb/
Portugal Liga Portugal,2023-2024,https://www.oddsportal.com/football/portugal/liga-portugal-2023-2024/gil-vicente-rio-ave-K2QGpNCN/
Portugal Liga Portugal,2023-2024,https://www.oddsportal.com/football/portugal/liga-portugal-2023-2024/chaves-famalicao-O2gIeyjq/
Portugal Liga Portugal,2023-2024,https://www.oddsportal.com/football/portugal/liga-portugal-2023-2024/estrela-da-amadora-boavista-OYRa5clj/
Portugal Liga Portugal,2023-2024,https://www.oddsportal.com/football/portugal/liga-portugal-2023-2024/sc-farense-gil-vicente-YqPrz9gs/
Portugal Liga Portugal,2023-2024,https://www.oddsportal.com/football/portugal/liga-portugal-2023-2024/vizela-boavista-pt4No6hg/
Portugal Liga Portugal,2023-2024,https://www.oddsportal.com/football/portugal/liga-portugal-2023-2024/arouca-fc-porto-jHg4nb01/
Portugal Liga Portugal,2023-2024,https://www.oddsportal.com/football/portugal/liga-portugal-2023-2024/rio-ave-chaves-zBphdrm9/
Portugal Liga Portugal,2023-2024,https://www.oddsportal.com/football/portugal/liga-portugal-2023-2024/vitoria-guimaraes-sc-farense-MN0MrA0J/
Portugal Liga Portugal,2023-2024,https://www.oddsportal.com/football/portugal/liga-portugal-2023-2024/chaves-braga-vmuVjqH6/
Portugal Liga Portugal,2023-2024,https://www.oddsportal.com/football/portugal/liga-portugal-2023-2024/portimonense-braga-jwZmY1tp/
Portugal Liga Portugal,2023-2024,https://www.oddsportal.com/football/portugal/liga-portugal-2023-2024/moreirense-famalicao-M1krONHq/
Portugal Liga Portugal,2023-2024,https://www.oddsportal.com/football/portugal/liga-portugal-2023-2024/sc-farense-vizela-OY1Asc0E/
Portugal Liga Portugal,2023-2024,https://www.oddsportal.com/football/portugal/liga-portugal-2023-2024/vizela-estrela-da-amadora-KGahEq6A/
Portugal Liga Portugal,2023-2024,https://www.oddsportal.com/football/portugal/liga-portugal-2023-2024/portimonense-arouca-v3Jks3OL/
Portugal Liga Portugal,2023-2024,https://www.oddsportal.com/football/portugal/liga-portugal-2023-2024/portimonense-rio-ave-AJeUhZZ1/
Portugal Liga Portugal,2023-2024,https://www.oddsportal.com/football/portugal/liga-portugal-2023-2024/rio-ave-fc-porto-EsF742o6/
Portugal Liga Portugal,2023-2024,https://www.oddsportal.com/football/portugal/liga-portugal-2023-2024/estoril-vizela-MROqZDjc/
Portugal Liga Portugal,2023-2024,https://www.oddsportal.com/football/portugal/liga-portugal-2023-2024/estoril-rio-ave-SCyRiP10/
Portugal Liga Portugal,2023-2024,https://www.oddsportal.com/football/portugal/liga-portugal-2023-2024/sc-farense-portimonense-6oB86h41/
Portugal Liga Portugal,2023-2024,https://www.oddsportal.com/football/portugal/liga-portugal-2023-2024/moreirense-vizela-jy8yIR6o/
Portugal Liga Portugal,2023-2024,https://www.oddsportal.com/football/portugal/liga-portugal-2023-2024/famalicao-vizela-pI5clEWs/
Portugal Liga Portugal,2023-2024,https://www.oddsportal.com/football/portugal/liga-portugal-2023-2024/rio-ave-famalicao-tEjNHCLM/
Portugal Liga Portugal,2023-2024,https://www.oddsportal.com/football/portugal/liga-portugal-2023-2024/braga-casa-pia-6DZIapiH/
Portugal Liga Portugal,2023-2024,https://www.oddsportal.com/football/portugal/liga-portugal-2023-2024/fc-porto-gil-vicente-EuU3Uk5S/
Portugal Liga Portugal,2023-2024,https://www.oddsportal.com/football/portugal/liga-portugal-2023-2024/chaves-vizela-Ichs1rc4/
Portugal Liga Portugal,2023-2024,https://www.oddsportal.com/football/portugal/liga-portugal-2023-2024/moreirense-chaves-jsPak0Gr/
Portugal Liga Portugal,2023-2024,https://www.oddsportal.com/football/portugal/liga-portugal-2023-2024/fc-porto-sporting-lisbon-4pDmp5iU/
Portugal Liga Portugal,2023-2024,https://www.oddsportal.com/football/portugal/liga-portugal-2023-2024/estrela-da-amadora-estoril-tG106OGg/
Portugal Liga Portugal,2023-2024,https://www.oddsportal.com/football/portugal/liga-portugal-2023-2024/famalicao-gil-vicente-xK8QZ5b5/
Portugal Liga Portugal,2023-2024,https://www.oddsportal.com/football/portugal/liga-portugal-2023-2024/fc-porto-famalicao-lA2EpWV6/
Portugal Liga Portugal,2023-2024,https://www.oddsportal.com/football/portugal/liga-portugal-2023-2024/benfica-rio-ave-EaK3Vp8C/
Portugal Liga Portugal,2023-2024,https://www.oddsportal.com/football/portugal/liga-portugal-2023-2024/benfica-portimonense-pvuDFdUm/
Portugal Liga Portugal,2023-2024,https://www.oddsportal.com/football/portugal/liga-portugal-2023-2024/famalicao-boavista-EHylH95h/
Portugal Liga Portugal,2023-2024,https://www.oddsportal.com/football/portugal/liga-portugal-2023-2024/boavista-portimonense-WxGsqPg9/
Portugal Liga Portugal,2023-2024,https://www.oddsportal.com/football/portugal/liga-portugal-2023-2024/famalicao-fc-porto-zZnn02CA/
Portugal Liga Portugal,2023-2024,https://www.oddsportal.com/football/portugal/liga-portugal-2023-2024/estrela-da-amadora-sc-farense-rBrb48xn/
Portugal Liga Portugal,2023-2024,https://www.oddsportal.com/football/portugal/liga-portugal-2023-2024/arouca-rio-ave-0zNKE1R3/
Portugal Liga Portugal,2023-2024,https://www.oddsportal.com/football/portugal/liga-portugal-2023-2024/braga-fc-porto-t4RTDzCR/
Portugal Liga Portugal,2023-2024,https://www.oddsportal.com/football/portugal/liga-portugal-2023-2024/chaves-moreirense-MmxZKNVn/
Portugal Liga Portugal,2023-2024,https://www.oddsportal.com/football/portugal/liga-portugal-2023-2024/vitoria-guimaraes-braga-UR6uHoMi/
Portugal Liga Portugal,2023-2024,https://www.oddsportal.com/football/portugal/liga-portugal-2023-2024/estoril-casa-pia-ppfZ24Si/
Portugal Liga Portugal,2023-2024,https://www.oddsportal.com/football/portugal/liga-portugal-2023-2024/vizela-fc-porto-pCY5WWiD/
Portugal Liga Portugal,2023-2024,https://www.oddsportal.com/football/portugal/liga-portugal-2023-2024/portimonense-benfica-0INmYX53/
Portugal Liga Portugal,2023-2024,https://www.oddsportal.com/football/portugal/liga-portugal-2023-2024/fc-porto-vizela-n5j5tQY3/
Portugal Liga Portugal,2023-2024,https://www.oddsportal.com/football/portugal/liga-portugal-2023-2024/sc-farense-fc-porto-ptKorq9F/
Portugal Liga Portugal,2023-2024,https://www.oddsportal.com/football/portugal/liga-portugal-2023-2024/boavista-chaves-lbxELfMc/
Portugal Liga Portugal,2023-2024,https://www.oddsportal.com/football/portugal/liga-portugal-2023-2024/portimonense-afs-UHXCrnCl/
Portugal Liga Portugal,2023-2024,https://www.oddsportal.com/football/portugal/liga-portugal-2023-2024/chaves-casa-pia-IX8jSKe3/
Portugal Liga Portugal,2023-2024,https://www.oddsportal.com/football/portugal/liga-portugal-2023-2024/moreirense-benfica-6X3cc0dT/
Portugal Liga Portugal,2023-2024,https://www.oddsportal.com/football/portugal/liga-portugal-2023-2024/braga-famalicao-vuRC4OPM/
Portugal Liga Portugal,2023-2024,https://www.oddsportal.com/football/portugal/liga-portugal-2023-2024/fc-porto-moreirense-nNVgpEYo/
Portugal Liga Portugal,2023-2024,https://www.oddsportal.com/football/portugal/liga-portugal-2023-2024/chaves-portimonense-8hrU5t2F/
Portugal Liga Portugal,2023-2024,https://www.oddsportal.com/football/portugal/liga-portugal-2023-2024/moreirense-rio-ave-z5oCB5ZT/
Portugal Liga Portugal,2023-2024,https://www.oddsportal.com/football/portugal/liga-portugal-2023-2024/boavista-gil-vicente-2LEggrUp/
Portugal Liga Portugal,2023-2024,https://www.oddsportal.com/football/portugal/liga-portugal-2023-2024/famalicao-estrela-da-amadora-4t10s6Jc/
Portugal Liga Portugal,2023-2024,https://www.oddsportal.com/football/portugal/liga-portugal-2023-2024/gil-vicente-boavista-EuhIJm90/
Portugal Liga Portugal,2023-2024,https://www.oddsportal.com/football/portugal/liga-portugal-2023-2024/braga-estoril-v7gw2Osb/
Portugal Liga Portugal,2023-2024,https://www.oddsportal.com/football/portugal/liga-portugal-2023-2024/sc-farense-moreirense-6DVXAYrJ/
Portugal Liga Portugal,2023-2024,https://www.oddsportal.com/football/portugal/liga-portugal-2023-2024/casa-pia-sc-farense-xCO6sCI4/
Portugal Liga Portugal,2023-2024,https://www.oddsportal.com/football/portugal/liga-portugal-2023-2024/sporting-lisbon-vitoria-guimaraes-I9nfzUN5/
Portugal Liga Portugal,2023-2024,https://www.oddsportal.com/football/portugal/liga-portugal-2023-2024/benfica-gil-vicente-W0bUZKGe/
