league,season,match_url
Belgium Pro League,2023-2024,https://www.oddsportal.com/football/belgium/jupiler-pro-league-2023-2024/genk-gent-WMaZW1Or/
Belgium Pro League,2023-2024,https://www.oddsportal.com/football/belgium/jupiler-pro-league-2023-2024/antwerp-anderlecht-p4E9Oop6/
Belgium Pro League,2023-2024,https://www.oddsportal.com/football/belgium/jupiler-pro-league-2023-2024/club-brugge-cercle-brugge-OfDDN5aC/
Belgium Pro League,2023-2024,https://www.oddsportal.com/football/belgium/jupiler-pro-league-2023-2024/royale-union-sg-genk-GU95PRUa/
Belgium Challenger Pro League,2023-2024,https://www.oddsportal.com/football/belgium/challenger-pro-league-2023-2024/kortrijk-lommel-sk-buYaQzZA/
Belgium Pro League,2023-2024,https://www.oddsportal.com/football/belgium/jupiler-pro-league-2023-2024/gent-st-truiden-2sEdBjSu/
Belgium Pro League,2023-2024,https://www.oddsportal.com/football/belgium/jupiler-pro-league-2023-2024/kv-mechelen-st-liege-QLxij7dU/
Belgium Pro League,2023-2024,https://www.oddsportal.com/football/belgium/jupiler-pro-league-2023-2024/leuven-westerlo-CIYnimsO/
Belgium Pro League,2023-2024,https://www.oddsportal.com/football/belgium/jupiler-pro-league-2023-2024/genk-antwerp-xvB1Q7Fg/
Belgium Challenger Pro League,2023-2024,https://www.oddsportal.com/football/belgium/challenger-pro-league-2023-2024/lommel-sk-kortrijk-QRZiSd4b/
Belgium Pro League,2023-2024,https://www.oddsportal.com/football/belgium/jupiler-pro-league-2023-2024/anderlecht-club-brugge-fFLdRm0m/
Belgium Pro League,2023-2024,https://www.oddsportal.com/football/belgium/jupiler-pro-league-2023-2024/cercle-brugge-royale-union-sg-tCHhSTps/
Belgium Pro League,2023-2024,https://www.oddsportal.com/football/belgium/jupiler-pro-league-2023-2024/st-liege-gent-UgqrhTRH/
Belgium Pro League,2023-2024,https://www.oddsportal.com/football/belgium/jupiler-pro-league-2023-2024/westerlo-kv-mechelen-j3pvg9CB/
Belgium Pro League,2023-2024,https://www.oddsportal.com/football/belgium/jupiler-pro-league-2023-2024/st-truiden-leuven-MTuzfkc5/
Belgium Pro League,2023-2024,https://www.oddsportal.com/football/belgium/jupiler-pro-league-2023-2024/club-brugge-royale-union-sg-OWUQW9xQ/
Belgium Pro League,2023-2024,https://www.oddsportal.com/football/belgium/jupiler-pro-league-2023-2024/antwerp-cercle-brugge-ptWMXkNJ/
Belgium Challenger Pro League,2023-2024,https://www.oddsportal.com/football/belgium/challenger-pro-league-2023-2024/deinze-lommel-sk-6Fz7mcb4/
Belgium Pro League,2023-2024,https://www.oddsportal.com/football/belgium/jupiler-pro-league-2023-2024/st-truiden-kv-mechelen-rwsWfVsa/
Belgium Pro League,2023-2024,https://www.oddsportal.com/football/belgium/jupiler-pro-league-2023-2024/gent-leuven-0EiReBSh/
Belgium Pro League,2023-2024,https://www.oddsportal.com/football/belgium/jupiler-pro-league-2023-2024/anderlecht-genk-plQo96pJ/
Belgium Pro League,2023-2024,https://www.oddsportal.com/football/belgium/jupiler-pro-league-2023-2024/charleroi-kortrijk-0I1DlZ3S/
Belgium Pro League,2023-2024,https://www.oddsportal.com/football/belgium/jupiler-pro-league-2023-2024/eupen-rwdm-brussels-MR29kFlM/
Belgium Pro League,2023-2024,https://www.oddsportal.com/football/belgium/jupiler-pro-league-2023-2024/st-liege-westerlo-lvlNdiDn/
Belgium Pro League,2023-2024,https://www.oddsportal.com/football/belgium/jupiler-pro-league-2023-2024/kortrijk-eupen-S435jeZF/
Belgium Pro League,2023-2024,https://www.oddsportal.com/football/belgium/jupiler-pro-league-2023-2024/royale-union-sg-anderlecht-6cRsAnVC/
Belgium Challenger Pro League,2023-2024,https://www.oddsportal.com/football/belgium/challenger-pro-league-2023-2024/lommel-sk-deinze-AmsbkJTi/
Belgium Pro League,2023-2024,https://www.oddsportal.com/football/belgium/jupiler-pro-league-2023-2024/leuven-st-liege-fHlJcXct/
Belgium Pro League,2023-2024,https://www.oddsportal.com/football/belgium/jupiler-pro-league-2023-2024/antwerp-club-brugge-CzSwBSF6/
Belgium Pro League,2023-2024,https://www.oddsportal.com/football/belgium/jupiler-pro-league-2023-2024/cercle-brugge-genk-bXNZB800/
Belgium Pro League,2023-2024,https://www.oddsportal.com/football/belgium/jupiler-pro-league-2023-2024/kv-mechelen-gent-h82i2DkP/
Belgium Pro League,2023-2024,https://www.oddsportal.com/football/belgium/jupiler-pro-league-2023-2024/rwdm-brussels-charleroi-E1a1iyK9/
Belgium Pro League,2023-2024,https://www.oddsportal.com/football/belgium/jupiler-pro-league-2023-2024/westerlo-st-truiden-GjJ8wUCO/
Belgium Challenger Pro League,2023-2024,https://www.oddsportal.com/football/belgium/challenger-pro-league-2023-2024/lommel-sk-waregem-jDJfEfPE/
Belgium Challenger Pro League,2023-2024,https://www.oddsportal.com/football/belgium/challenger-pro-league-2023-2024/deinze-patro-eisden-2iw0hD2e/
Belgium Pro League,2023-2024,https://www.oddsportal.com/football/belgium/jupiler-pro-league-2023-2024/rwdm-brussels-kortrijk-WxAdhH43/
Belgium Pro League,2023-2024,https://www.oddsportal.com/football/belgium/jupiler-pro-league-2023-2024/royale-union-sg-antwerp-G8YUClof/
Belgium Pro League,2023-2024,https://www.oddsportal.com/football/belgium/jupiler-pro-league-2023-2024/cercle-brugge-anderlecht-xIZQDUVm/
Belgium Pro League,2023-2024,https://www.oddsportal.com/football/belgium/jupiler-pro-league-2023-2024/genk-club-brugge-8rVMEAGs/
Belgium Pro League,2023-2024,https://www.oddsportal.com/football/belgium/jupiler-pro-league-2023-2024/gent-westerlo-x0K4vAcI/
Belgium Challenger Pro League,2023-2024,https://www.oddsportal.com/football/belgium/challenger-pro-league-2023-2024/waregem-lommel-sk-z5y8jiX7/
Belgium Pro League,2023-2024,https://www.oddsportal.com/football/belgium/jupiler-pro-league-2023-2024/st-liege-st-truiden-rwL0ujrC/
Belgium Challenger Pro League,2023-2024,https://www.oddsportal.com/football/belgium/challenger-pro-league-2023-2024/patro-eisden-deinze-8hpifZXr/
Belgium Pro League,2023-2024,https://www.oddsportal.com/football/belgium/jupiler-pro-league-2023-2024/kv-mechelen-leuven-UZGdtWS5/
Belgium Pro League,2023-2024,https://www.oddsportal.com/football/belgium/jupiler-pro-league-2023-2024/eupen-charleroi-hnBhgckc/
Belgium Pro League,2023-2024,https://www.oddsportal.com/football/belgium/jupiler-pro-league-2023-2024/antwerp-royale-union-sg-6ZreJj8Q/
Belgium Pro League,2023-2024,https://www.oddsportal.com/football/belgium/jupiler-pro-league-2023-2024/anderlecht-cercle-brugge-QPzmLCwE/
Belgium Pro League,2023-2024,https://www.oddsportal.com/football/belgium/jupiler-pro-league-2023-2024/club-brugge-genk-OAgjKWhK/
Belgium Pro League,2023-2024,https://www.oddsportal.com/football/belgium/jupiler-pro-league-2023-2024/st-truiden-gent-8KSmrhbg/
Belgium Pro League,2023-2024,https://www.oddsportal.com/football/belgium/jupiler-pro-league-2023-2024/westerlo-leuven-0fTqqYrm/
Belgium Pro League,2023-2024,https://www.oddsportal.com/football/belgium/jupiler-pro-league-2023-2024/st-liege-kv-mechelen-nBRisCDa/
Belgium Pro League,2023-2024,https://www.oddsportal.com/football/belgium/jupiler-pro-league-2023-2024/charleroi-eupen-4WHAUDCd/
Belgium Pro League,2023-2024,https://www.oddsportal.com/football/belgium/jupiler-pro-league-2023-2024/royale-union-sg-club-brugge-CMn5dT0D/
Belgium Pro League,2023-2024,https://www.oddsportal.com/football/belgium/jupiler-pro-league-2023-2024/kortrijk-rwdm-brussels-QuJ6Vgcj/
Belgium Pro League,2023-2024,https://www.oddsportal.com/football/belgium/jupiler-pro-league-2023-2024/cercle-brugge-antwerp-YVm1c9o7/
Belgium Pro League,2023-2024,https://www.oddsportal.com/football/belgium/jupiler-pro-league-2023-2024/genk-anderlecht-GfgdbkW0/
Belgium Pro League,2023-2024,https://www.oddsportal.com/football/belgium/jupiler-pro-league-2023-2024/gent-kv-mechelen-M3UupETt/
Belgium Pro League,2023-2024,https://www.oddsportal.com/football/belgium/jupiler-pro-league-2023-2024/westerlo-st-liege-t6GB1taE/
Belgium Pro League,2023-2024,https://www.oddsportal.com/football/belgium/jupiler-pro-league-2023-2024/leuven-st-truiden-S2C72Mq8/
Belgium Pro League,2023-2024,https://www.oddsportal.com/football/belgium/jupiler-pro-league-2023-2024/leuven-gent-EaOPww77/
Belgium Pro League,2023-2024,https://www.oddsportal.com/football/belgium/jupiler-pro-league-2023-2024/anderlecht-royale-union-sg-x4fhaVGf/
Belgium Pro League,2023-2024,https://www.oddsportal.com/football/belgium/jupiler-pro-league-2023-2024/kortrijk-charleroi-tIxXHLA0/
Belgium Pro League,2023-2024,https://www.oddsportal.com/football/belgium/jupiler-pro-league-2023-2024/club-brugge-antwerp-rsel0B1l/
Belgium Pro League,2023-2024,https://www.oddsportal.com/football/belgium/jupiler-pro-league-2023-2024/genk-cercle-brugge-Uwip1inr/
Belgium Pro League,2023-2024,https://www.oddsportal.com/football/belgium/jupiler-pro-league-2023-2024/kv-mechelen-westerlo-z9PLvJi1/
Belgium Pro League,2023-2024,https://www.oddsportal.com/football/belgium/jupiler-pro-league-2023-2024/rwdm-brussels-eupen-newTI1ef/
Belgium Pro League,2023-2024,https://www.oddsportal.com/football/belgium/jupiler-pro-league-2023-2024/st-truiden-st-liege-IXUGuaxe/
Belgium Pro League,2023-2024,https://www.oddsportal.com/football/belgium/jupiler-pro-league-2023-2024/westerlo-gent-vsWCtuNl/
Belgium Pro League,2023-2024,https://www.oddsportal.com/football/belgium/jupiler-pro-league-2023-2024/club-brugge-anderlecht-OdEH5XwR/
Belgium Pro League,2023-2024,https://www.oddsportal.com/football/belgium/jupiler-pro-league-2023-2024/eupen-kortrijk-YiZOJstl/
Belgium Pro League,2023-2024,https://www.oddsportal.com/football/belgium/jupiler-pro-league-2023-2024/royale-union-sg-cercle-brugge-p6FD6DOK/
Belgium Pro League,2023-2024,https://www.oddsportal.com/football/belgium/jupiler-pro-league-2023-2024/antwerp-genk-xtG97g9E/
Belgium Pro League,2023-2024,https://www.oddsportal.com/football/belgium/jupiler-pro-league-2023-2024/st-liege-leuven-pKW8sL7r/
Belgium Pro League,2023-2024,https://www.oddsportal.com/football/belgium/jupiler-pro-league-2023-2024/charleroi-rwdm-brussels-jTqKKNQs/
Belgium Pro League,2023-2024,https://www.oddsportal.com/football/belgium/jupiler-pro-league-2023-2024/kv-mechelen-st-truiden-OGQsn1aR/
Belgium Pro League,2023-2024,https://www.oddsportal.com/football/belgium/jupiler-pro-league-2023-2024/genk-royale-union-sg-6wJrvCR2/
Belgium Pro League,2023-2024,https://www.oddsportal.com/football/belgium/jupiler-pro-league-2023-2024/cercle-brugge-club-brugge-pUHnwWt9/
Belgium Pro League,2023-2024,https://www.oddsportal.com/football/belgium/jupiler-pro-league-2023-2024/st-truiden-westerlo-x04trXtd/
Belgium Pro League,2023-2024,https://www.oddsportal.com/football/belgium/jupiler-pro-league-2023-2024/anderlecht-antwerp-E3MjxjdF/
Belgium Pro League,2023-2024,https://www.oddsportal.com/football/belgium/jupiler-pro-league-2023-2024/leuven-kv-mechelen-rw5xqDRk/
Belgium Pro League,2023-2024,https://www.oddsportal.com/football/belgium/jupiler-pro-league-2023-2024/gent-st-liege-4n6YqgCq/
Belgium Pro League,2023-2024,https://www.oddsportal.com/football/belgium/jupiler-pro-league-2023-2024/cercle-brugge-rwdm-brussels-K2YeyE17/
Belgium Pro League,2023-2024,https://www.oddsportal.com/football/belgium/jupiler-pro-league-2023-2024/gent-charleroi-QaPoby9K/
Belgium Pro League,2023-2024,https://www.oddsportal.com/football/belgium/jupiler-pro-league-2023-2024/leuven-kv-mechelen-8OEjceOQ/
Belgium Pro League,2023-2024,https://www.oddsportal.com/football/belgium/jupiler-pro-league-2023-2024/westerlo-genk-v75MiZol/
Belgium Pro League,2023-2024,https://www.oddsportal.com/football/belgium/jupiler-pro-league-2023-2024/antwerp-royale-union-sg-bgXazYGD/
Belgium Pro League,2023-2024,https://www.oddsportal.com/football/belgium/jupiler-pro-league-2023-2024/st-truiden-club-brugge-n9QsaHgE/
Belgium Pro League,2023-2024,https://www.oddsportal.com/football/belgium/jupiler-pro-league-2023-2024/anderlecht-kortrijk-pp6IhFWs/
Belgium Pro League,2023-2024,https://www.oddsportal.com/football/belgium/jupiler-pro-league-2023-2024/st-liege-eupen-xvqixfn1/
Belgium Pro League,2023-2024,https://www.oddsportal.com/football/belgium/jupiler-pro-league-2023-2024/eupen-st-truiden-bkP6c4I9/
Belgium Pro League,2023-2024,https://www.oddsportal.com/football/belgium/jupiler-pro-league-2023-2024/royale-union-sg-gent-hjsuud2r/
Belgium Pro League,2023-2024,https://www.oddsportal.com/football/belgium/jupiler-pro-league-2023-2024/club-brugge-leuven-lKsGzsBd/
Belgium Pro League,2023-2024,https://www.oddsportal.com/football/belgium/jupiler-pro-league-2023-2024/genk-st-liege-WttqvGHl/
Belgium Pro League,2023-2024,https://www.oddsportal.com/football/belgium/jupiler-pro-league-2023-2024/rwdm-brussels-anderlecht-xtOAdOXF/
Belgium Pro League,2023-2024,https://www.oddsportal.com/football/belgium/jupiler-pro-league-2023-2024/charleroi-cercle-brugge-Q3umwzXf/
Belgium Pro League,2023-2024,https://www.oddsportal.com/football/belgium/jupiler-pro-league-2023-2024/kortrijk-antwerp-4SP2bp33/
Belgium Pro League,2023-2024,https://www.oddsportal.com/football/belgium/jupiler-pro-league-2023-2024/kv-mechelen-westerlo-jPLbaQmc/
Belgium Pro League,2023-2024,https://www.oddsportal.com/football/belgium/jupiler-pro-league-2023-2024/kortrijk-rwdm-brussels-WKhxrPIM/
Belgium Pro League,2023-2024,https://www.oddsportal.com/football/belgium/jupiler-pro-league-2023-2024/anderlecht-eupen-IHlYr53G/
Belgium Pro League,2023-2024,https://www.oddsportal.com/football/belgium/jupiler-pro-league-2023-2024/antwerp-st-truiden-SSeLo7Jc/
Belgium Pro League,2023-2024,https://www.oddsportal.com/football/belgium/jupiler-pro-league-2023-2024/genk-club-brugge-p4jQpRY3/
Belgium Pro League,2023-2024,https://www.oddsportal.com/football/belgium/jupiler-pro-league-2023-2024/st-liege-gent-ATrCyNej/
Belgium Pro League,2023-2024,https://www.oddsportal.com/football/belgium/jupiler-pro-league-2023-2024/leuven-royale-union-sg-OfkUqolA/
Belgium Pro League,2023-2024,https://www.oddsportal.com/football/belgium/jupiler-pro-league-2023-2024/cercle-brugge-kv-mechelen-GhU8x3tp/
Belgium Pro League,2023-2024,https://www.oddsportal.com/football/belgium/jupiler-pro-league-2023-2024/westerlo-charleroi-EqrssqYS/
Belgium Pro League,2023-2024,https://www.oddsportal.com/football/belgium/jupiler-pro-league-2023-2024/eupen-cercle-brugge-IHS2TP3T/
Belgium Pro League,2023-2024,https://www.oddsportal.com/football/belgium/jupiler-pro-league-2023-2024/royale-union-sg-st-liege-zZ8ZN3Rj/
Belgium Pro League,2023-2024,https://www.oddsportal.com/football/belgium/jupiler-pro-league-2023-2024/gent-antwerp-W0QjWRJA/
Belgium Pro League,2023-2024,https://www.oddsportal.com/football/belgium/jupiler-pro-league-2023-2024/club-brugge-anderlecht-lxcHnm4i/
Belgium Pro League,2023-2024,https://www.oddsportal.com/football/belgium/jupiler-pro-league-2023-2024/kv-mechelen-kortrijk-AiPfVoZG/
Belgium Pro League,2023-2024,https://www.oddsportal.com/football/belgium/jupiler-pro-league-2023-2024/st-truiden-westerlo-lxynX744/
Belgium Pro League,2023-2024,https://www.oddsportal.com/football/belgium/jupiler-pro-league-2023-2024/rwdm-brussels-leuven-Ob5VOqCp/
Belgium Pro League,2023-2024,https://www.oddsportal.com/football/belgium/jupiler-pro-league-2023-2024/charleroi-genk-vRTbU5lN/
Belgium Pro League,2023-2024,https://www.oddsportal.com/football/belgium/jupiler-pro-league-2023-2024/eupen-gent-2TSbBQso/
Belgium Pro League,2023-2024,https://www.oddsportal.com/football/belgium/jupiler-pro-league-2023-2024/anderlecht-st-truiden-AVmKI8kB/
Belgium Pro League,2023-2024,https://www.oddsportal.com/football/belgium/jupiler-pro-league-2023-2024/kortrijk-royale-union-sg-0KtXF6ZT/
Belgium Pro League,2023-2024,https://www.oddsportal.com/football/belgium/jupiler-pro-league-2023-2024/cercle-brugge-club-brugge-zZWsYmkb/
Belgium Pro League,2023-2024,https://www.oddsportal.com/football/belgium/jupiler-pro-league-2023-2024/antwerp-kv-mechelen-hfwPHS4H/
Belgium Pro League,2023-2024,https://www.oddsportal.com/football/belgium/jupiler-pro-league-2023-2024/leuven-charleroi-2LYZZ9Ko/
Belgium Pro League,2023-2024,https://www.oddsportal.com/football/belgium/jupiler-pro-league-2023-2024/genk-rwdm-brussels-tCXwZTZi/
Belgium Pro League,2023-2024,https://www.oddsportal.com/football/belgium/jupiler-pro-league-2023-2024/westerlo-st-liege-6csTGnKN/
Belgium Pro League,2023-2024,https://www.oddsportal.com/football/belgium/jupiler-pro-league-2023-2024/gent-cercle-brugge-6q2f2m5U/
Belgium Pro League,2023-2024,https://www.oddsportal.com/football/belgium/jupiler-pro-league-2023-2024/charleroi-anderlecht-Sh3j3TkO/
Belgium Pro League,2023-2024,https://www.oddsportal.com/football/belgium/jupiler-pro-league-2023-2024/kv-mechelen-genk-r5w0NWzt/
Belgium Pro League,2023-2024,https://www.oddsportal.com/football/belgium/jupiler-pro-league-2023-2024/rwdm-brussels-antwerp-AH8o49zI/
Belgium Pro League,2023-2024,https://www.oddsportal.com/football/belgium/jupiler-pro-league-2023-2024/club-brugge-eupen-25pCKUKb/
Belgium Pro League,2023-2024,https://www.oddsportal.com/football/belgium/jupiler-pro-league-2023-2024/royale-union-sg-westerlo-WvkGJlz5/
Belgium Pro League,2023-2024,https://www.oddsportal.com/football/belgium/jupiler-pro-league-2023-2024/st-liege-leuven-OEo8LA5h/
Belgium Pro League,2023-2024,https://www.oddsportal.com/football/belgium/jupiler-pro-league-2023-2024/st-truiden-kortrijk-tjd3Mjjn/
Belgium Pro League,2023-2024,https://www.oddsportal.com/football/belgium/jupiler-pro-league-2023-2024/cercle-brugge-st-truiden-GjHA2daD/
Belgium Pro League,2023-2024,https://www.oddsportal.com/football/belgium/jupiler-pro-league-2023-2024/anderlecht-gent-2oIQ8XLn/
Belgium Pro League,2023-2024,https://www.oddsportal.com/football/belgium/jupiler-pro-league-2023-2024/eupen-kv-mechelen-fLIM9D6t/
Belgium Pro League,2023-2024,https://www.oddsportal.com/football/belgium/jupiler-pro-league-2023-2024/antwerp-club-brugge-WQ9s5kLB/
Belgium Pro League,2023-2024,https://www.oddsportal.com/football/belgium/jupiler-pro-league-2023-2024/genk-royale-union-sg-x4Aw6V55/
Belgium Pro League,2023-2024,https://www.oddsportal.com/football/belgium/jupiler-pro-league-2023-2024/kortrijk-charleroi-IeegRuxE/
Belgium Pro League,2023-2024,https://www.oddsportal.com/football/belgium/jupiler-pro-league-2023-2024/westerlo-leuven-txHU7iyg/
Belgium Pro League,2023-2024,https://www.oddsportal.com/football/belgium/jupiler-pro-league-2023-2024/rwdm-brussels-st-liege-O06Z6Bja/
Belgium Pro League,2023-2024,https://www.oddsportal.com/football/belgium/jupiler-pro-league-2023-2024/kv-mechelen-anderlecht-CbKg6v0l/
Belgium Pro League,2023-2024,https://www.oddsportal.com/football/belgium/jupiler-pro-league-2023-2024/st-truiden-gent-4hVJCtNK/
Belgium Pro League,2023-2024,https://www.oddsportal.com/football/belgium/jupiler-pro-league-2023-2024/royale-union-sg-rwdm-brussels-GSYNB0xR/
Belgium Pro League,2023-2024,https://www.oddsportal.com/football/belgium/jupiler-pro-league-2023-2024/st-liege-antwerp-MTuFDM7E/
Belgium Pro League,2023-2024,https://www.oddsportal.com/football/belgium/jupiler-pro-league-2023-2024/charleroi-eupen-Y7Lk7Kpr/
Belgium Pro League,2023-2024,https://www.oddsportal.com/football/belgium/jupiler-pro-league-2023-2024/leuven-genk-8QD24IU0/
Belgium Pro League,2023-2024,https://www.oddsportal.com/football/belgium/jupiler-pro-league-2023-2024/club-brugge-kortrijk-UZEb5bFf/
Belgium Pro League,2023-2024,https://www.oddsportal.com/football/belgium/jupiler-pro-league-2023-2024/westerlo-cercle-brugge-2mD63xp7/
Belgium Pro League,2023-2024,https://www.oddsportal.com/football/belgium/jupiler-pro-league-2023-2024/kv-mechelen-rwdm-brussels-K4eGhLVl/
Belgium Pro League,2023-2024,https://www.oddsportal.com/football/belgium/jupiler-pro-league-2023-2024/anderlecht-royale-union-sg-rwsBE2h8/
Belgium Pro League,2023-2024,https://www.oddsportal.com/football/belgium/jupiler-pro-league-2023-2024/eupen-antwerp-fNmTkJF7/
Belgium Pro League,2023-2024,https://www.oddsportal.com/football/belgium/jupiler-pro-league-2023-2024/st-truiden-genk-dCwlaNhL/
Belgium Pro League,2023-2024,https://www.oddsportal.com/football/belgium/jupiler-pro-league-2023-2024/gent-westerlo-Y7aKiuoe/
Belgium Pro League,2023-2024,https://www.oddsportal.com/football/belgium/jupiler-pro-league-2023-2024/charleroi-club-brugge-GWlPja01/
Belgium Pro League,2023-2024,https://www.oddsportal.com/football/belgium/jupiler-pro-league-2023-2024/kortrijk-leuven-OY9pbs8R/
Belgium Pro League,2023-2024,https://www.oddsportal.com/football/belgium/jupiler-pro-league-2023-2024/cercle-brugge-st-liege-QsdCg1Gr/
Belgium Pro League,2023-2024,https://www.oddsportal.com/football/belgium/jupiler-pro-league-2023-2024/rwdm-brussels-eupen-Aeyx2P82/
Belgium Pro League,2023-2024,https://www.oddsportal.com/football/belgium/jupiler-pro-league-2023-2024/leuven-anderlecht-UabkvMGe/
Belgium Pro League,2023-2024,https://www.oddsportal.com/football/belgium/jupiler-pro-league-2023-2024/royale-union-sg-st-truiden-8jcgwtW1/
Belgium Pro League,2023-2024,https://www.oddsportal.com/football/belgium/jupiler-pro-league-2023-2024/antwerp-charleroi-MZfstrnq/
Belgium Pro League,2023-2024,https://www.oddsportal.com/football/belgium/jupiler-pro-league-2023-2024/club-brugge-westerlo-0Qgou21k/
Belgium Pro League,2023-2024,https://www.oddsportal.com/football/belgium/jupiler-pro-league-2023-2024/st-liege-kortrijk-GhIEpOwS/
Belgium Pro League,2023-2024,https://www.oddsportal.com/football/belgium/jupiler-pro-league-2023-2024/genk-cercle-brugge-ILvp03wF/
Belgium Pro League,2023-2024,https://www.oddsportal.com/football/belgium/jupiler-pro-league-2023-2024/gent-kv-mechelen-Obut1qO8/
Belgium Pro League,2023-2024,https://www.oddsportal.com/football/belgium/jupiler-pro-league-2023-2024/anderlecht-cercle-brugge-MZYBQ2nd/
Belgium Pro League,2023-2024,https://www.oddsportal.com/football/belgium/jupiler-pro-league-2023-2024/charleroi-kv-mechelen-AeF6np9F/
Belgium Pro League,2023-2024,https://www.oddsportal.com/football/belgium/jupiler-pro-league-2023-2024/st-liege-st-truiden-4IEAo4OL/
Belgium Pro League,2023-2024,https://www.oddsportal.com/football/belgium/jupiler-pro-league-2023-2024/club-brugge-royale-union-sg-ETLcl6v3/
Belgium Pro League,2023-2024,https://www.oddsportal.com/football/belgium/jupiler-pro-league-2023-2024/westerlo-rwdm-brussels-zwNgknPd/
Belgium Pro League,2023-2024,https://www.oddsportal.com/football/belgium/jupiler-pro-league-2023-2024/kortrijk-gent-Q7u3SOHq/
Belgium Pro League,2023-2024,https://www.oddsportal.com/football/belgium/jupiler-pro-league-2023-2024/leuven-eupen-W4G2mQg9/
Belgium Pro League,2023-2024,https://www.oddsportal.com/football/belgium/jupiler-pro-league-2023-2024/genk-antwerp-8WU7RrXk/
Belgium Pro League,2023-2024,https://www.oddsportal.com/football/belgium/jupiler-pro-league-2023-2024/anderlecht-genk-tG1KzmA3/
Belgium Pro League,2023-2024,https://www.oddsportal.com/football/belgium/jupiler-pro-league-2023-2024/antwerp-westerlo-UHXVTGyi/
Belgium Pro League,2023-2024,https://www.oddsportal.com/football/belgium/jupiler-pro-league-2023-2024/st-truiden-charleroi-ng2GyTfc/
Belgium Pro League,2023-2024,https://www.oddsportal.com/football/belgium/jupiler-pro-league-2023-2024/eupen-royale-union-sg-GYgXXpfM/
Belgium Pro League,2023-2024,https://www.oddsportal.com/football/belgium/jupiler-pro-league-2023-2024/rwdm-brussels-club-brugge-xreTYQvG/
Belgium Pro League,2023-2024,https://www.oddsportal.com/football/belgium/jupiler-pro-league-2023-2024/gent-leuven-fJ5OZ6P9/
Belgium Pro League,2023-2024,https://www.oddsportal.com/football/belgium/jupiler-pro-league-2023-2024/kv-mechelen-st-liege-ObgyX49S/
Belgium Pro League,2023-2024,https://www.oddsportal.com/football/belgium/jupiler-pro-league-2023-2024/cercle-brugge-kortrijk-823Cx9ui/
Belgium Pro League,2023-2024,https://www.oddsportal.com/football/belgium/jupiler-pro-league-2023-2024/genk-kortrijk-vV3nkR7a/
Belgium Pro League,2023-2024,https://www.oddsportal.com/football/belgium/jupiler-pro-league-2023-2024/antwerp-anderlecht-Aearj7hg/
Belgium Pro League,2023-2024,https://www.oddsportal.com/football/belgium/jupiler-pro-league-2023-2024/royale-union-sg-kv-mechelen-0phem5xC/
Belgium Pro League,2023-2024,https://www.oddsportal.com/football/belgium/jupiler-pro-league-2023-2024/club-brugge-gent-IL2jloN5/
Belgium Pro League,2023-2024,https://www.oddsportal.com/football/belgium/jupiler-pro-league-2023-2024/st-liege-charleroi-bVAbnPiI/
Belgium Pro League,2023-2024,https://www.oddsportal.com/football/belgium/jupiler-pro-league-2023-2024/rwdm-brussels-st-truiden-ltBZiTNt/
Belgium Pro League,2023-2024,https://www.oddsportal.com/football/belgium/jupiler-pro-league-2023-2024/leuven-cercle-brugge-jRYRUdMp/
Belgium Pro League,2023-2024,https://www.oddsportal.com/football/belgium/jupiler-pro-league-2023-2024/westerlo-eupen-W40vimwm/
Belgium Pro League,2023-2024,https://www.oddsportal.com/football/belgium/jupiler-pro-league-2023-2024/charleroi-royale-union-sg-AZN7wU8m/
Belgium Pro League,2023-2024,https://www.oddsportal.com/football/belgium/jupiler-pro-league-2023-2024/anderlecht-st-liege-hbDCxlOg/
Belgium Pro League,2023-2024,https://www.oddsportal.com/football/belgium/jupiler-pro-league-2023-2024/eupen-genk-bHVPXPxP/
Belgium Pro League,2023-2024,https://www.oddsportal.com/football/belgium/jupiler-pro-league-2023-2024/kv-mechelen-club-brugge-vFFOZo8C/
Belgium Pro League,2023-2024,https://www.oddsportal.com/football/belgium/jupiler-pro-league-2023-2024/gent-rwdm-brussels-61HGy8w0/
Belgium Pro League,2023-2024,https://www.oddsportal.com/football/belgium/jupiler-pro-league-2023-2024/st-truiden-leuven-CKJ7d9FP/
Belgium Pro League,2023-2024,https://www.oddsportal.com/football/belgium/jupiler-pro-league-2023-2024/cercle-brugge-antwerp-0OGKzSh6/
Belgium Pro League,2023-2024,https://www.oddsportal.com/football/belgium/jupiler-pro-league-2023-2024/kortrijk-westerlo-KQWLY5NI/
Belgium Pro League,2023-2024,https://www.oddsportal.com/football/belgium/jupiler-pro-league-2023-2024/royale-union-sg-cercle-brugge-nLjoMSwD/
Belgium Pro League,2023-2024,https://www.oddsportal.com/football/belgium/jupiler-pro-league-2023-2024/club-brugge-st-liege-WrP3vAgs/
Belgium Pro League,2023-2024,https://www.oddsportal.com/football/belgium/jupiler-pro-league-2023-2024/kv-mechelen-st-truiden-viXyqjoQ/
Belgium Pro League,2023-2024,https://www.oddsportal.com/football/belgium/jupiler-pro-league-2023-2024/genk-gent-hbisN8O6/
Belgium Pro League,2023-2024,https://www.oddsportal.com/football/belgium/jupiler-pro-league-2023-2024/antwerp-leuven-00YXqWVJ/
Belgium Pro League,2023-2024,https://www.oddsportal.com/football/belgium/jupiler-pro-league-2023-2024/eupen-kortrijk-befkLngJ/
Belgium Pro League,2023-2024,https://www.oddsportal.com/football/belgium/jupiler-pro-league-2023-2024/rwdm-brussels-charleroi-dWcYOUgf/
Belgium Pro League,2023-2024,https://www.oddsportal.com/football/belgium/jupiler-pro-league-2023-2024/westerlo-anderlecht-E7hwOl90/
Belgium Pro League,2023-2024,https://www.oddsportal.com/football/belgium/jupiler-pro-league-2023-2024/kortrijk-kv-mechelen-IuaUPAvl/
Belgium Pro League,2023-2024,https://www.oddsportal.com/football/belgium/jupiler-pro-league-2023-2024/anderlecht-rwdm-brussels-nc8bVWGQ/
Belgium Pro League,2023-2024,https://www.oddsportal.com/football/belgium/jupiler-pro-league-2023-2024/leuven-club-brugge-4YIgWC1K/
Belgium Pro League,2023-2024,https://www.oddsportal.com/football/belgium/jupiler-pro-league-2023-2024/gent-royale-union-sg-CQG8899D/
Belgium Pro League,2023-2024,https://www.oddsportal.com/football/belgium/jupiler-pro-league-2023-2024/st-liege-genk-QsKkXhnE/
Belgium Pro League,2023-2024,https://www.oddsportal.com/football/belgium/jupiler-pro-league-2023-2024/charleroi-westerlo-OIaQQjPs/
Belgium Pro League,2023-2024,https://www.oddsportal.com/football/belgium/jupiler-pro-league-2023-2024/cercle-brugge-eupen-YZH49kf7/
Belgium Pro League,2023-2024,https://www.oddsportal.com/football/belgium/jupiler-pro-league-2023-2024/st-truiden-antwerp-jBSaAVv1/
Belgium Pro League,2023-2024,https://www.oddsportal.com/football/belgium/jupiler-pro-league-2023-2024/royale-union-sg-kortrijk-jmpDJZHE/
Belgium Pro League,2023-2024,https://www.oddsportal.com/football/belgium/jupiler-pro-league-2023-2024/gent-anderlecht-4fQmDXfr/
Belgium Pro League,2023-2024,https://www.oddsportal.com/football/belgium/jupiler-pro-league-2023-2024/genk-leuven-pAqHIgXK/
Belgium Pro League,2023-2024,https://www.oddsportal.com/football/belgium/jupiler-pro-league-2023-2024/club-brugge-cercle-brugge-vDt9KF28/
Belgium Pro League,2023-2024,https://www.oddsportal.com/football/belgium/jupiler-pro-league-2023-2024/kv-mechelen-charleroi-roPiCiAl/
Belgium Pro League,2023-2024,https://www.oddsportal.com/football/belgium/jupiler-pro-league-2023-2024/eupen-rwdm-brussels-O0rLHDnR/
Belgium Pro League,2023-2024,https://www.oddsportal.com/football/belgium/jupiler-pro-league-2023-2024/antwerp-st-liege-x8OeBBPf/
Belgium Pro League,2023-2024,https://www.oddsportal.com/football/belgium/jupiler-pro-league-2023-2024/westerlo-st-truiden-x82QeWP7/
Belgium Pro League,2023-2024,https://www.oddsportal.com/football/belgium/jupiler-pro-league-2023-2024/charleroi-gent-djrtHtdG/
Belgium Pro League,2023-2024,https://www.oddsportal.com/football/belgium/jupiler-pro-league-2023-2024/royale-union-sg-club-brugge-OxpYI2R3/
Belgium Pro League,2023-2024,https://www.oddsportal.com/football/belgium/jupiler-pro-league-2023-2024/st-liege-kv-mechelen-rRSzKrCc/
Belgium Pro League,2023-2024,https://www.oddsportal.com/football/belgium/jupiler-pro-league-2023-2024/cercle-brugge-anderlecht-ji0EbYuk/
Belgium Pro League,2023-2024,https://www.oddsportal.com/football/belgium/jupiler-pro-league-2023-2024/antwerp-genk-8SA9aEQr/
Belgium Pro League,2023-2024,https://www.oddsportal.com/football/belgium/jupiler-pro-league-2023-2024/leuven-westerlo-2TrxIMtA/
Belgium Pro League,2023-2024,https://www.oddsportal.com/football/belgium/jupiler-pro-league-2023-2024/rwdm-brussels-kortrijk-bH3MdCA1/
Belgium Pro League,2023-2024,https://www.oddsportal.com/football/belgium/jupiler-pro-league-2023-2024/st-truiden-eupen-UsaIchee/
Belgium Pro League,2023-2024,https://www.oddsportal.com/football/belgium/jupiler-pro-league-2023-2024/kortrijk-genk-WnaI11dT/
Belgium Pro League,2023-2024,https://www.oddsportal.com/football/belgium/jupiler-pro-league-2023-2024/gent-st-liege-jXukduKj/
Belgium Pro League,2023-2024,https://www.oddsportal.com/football/belgium/jupiler-pro-league-2023-2024/westerlo-royale-union-sg-xUyocL4p/
Belgium Pro League,2023-2024,https://www.oddsportal.com/football/belgium/jupiler-pro-league-2023-2024/club-brugge-antwerp-27715qc4/
Belgium Pro League,2023-2024,https://www.oddsportal.com/football/belgium/jupiler-pro-league-2023-2024/anderlecht-leuven-pWd643CA/
Belgium Pro League,2023-2024,https://www.oddsportal.com/football/belgium/jupiler-pro-league-2023-2024/eupen-charleroi-OMeA3NRG/
Belgium Pro League,2023-2024,https://www.oddsportal.com/football/belgium/jupiler-pro-league-2023-2024/kv-mechelen-cercle-brugge-hd0E2ssN/
Belgium Pro League,2023-2024,https://www.oddsportal.com/football/belgium/jupiler-pro-league-2023-2024/st-truiden-rwdm-brussels-4zUWKOdi/
Belgium Pro League,2023-2024,https://www.oddsportal.com/football/belgium/jupiler-pro-league-2023-2024/leuven-st-truiden-pIHXk4cH/
Belgium Pro League,2023-2024,https://www.oddsportal.com/football/belgium/jupiler-pro-league-2023-2024/st-liege-anderlecht-bLLykOCN/
Belgium Pro League,2023-2024,https://www.oddsportal.com/football/belgium/jupiler-pro-league-2023-2024/cercle-brugge-gent-hrLulrST/
Belgium Pro League,2023-2024,https://www.oddsportal.com/football/belgium/jupiler-pro-league-2023-2024/genk-kv-mechelen-Aakf75Si/
Belgium Pro League,2023-2024,https://www.oddsportal.com/football/belgium/jupiler-pro-league-2023-2024/charleroi-antwerp-4Mlb6Psb/
Belgium Pro League,2023-2024,https://www.oddsportal.com/football/belgium/jupiler-pro-league-2023-2024/rwdm-brussels-westerlo-2gSSjprB/
Belgium Pro League,2023-2024,https://www.oddsportal.com/football/belgium/jupiler-pro-league-2023-2024/kortrijk-club-brugge-W8jj8oDo/
Belgium Pro League,2023-2024,https://www.oddsportal.com/football/belgium/jupiler-pro-league-2023-2024/royale-union-sg-eupen-fi77q2zo/
Belgium Pro League,2023-2024,https://www.oddsportal.com/football/belgium/jupiler-pro-league-2023-2024/st-truiden-royale-union-sg-fNuCfSrn/
Belgium Pro League,2023-2024,https://www.oddsportal.com/football/belgium/jupiler-pro-league-2023-2024/gent-genk-GxUKh6Db/
Belgium Pro League,2023-2024,https://www.oddsportal.com/football/belgium/jupiler-pro-league-2023-2024/antwerp-eupen-4b02zPcU/
Belgium Pro League,2023-2024,https://www.oddsportal.com/football/belgium/jupiler-pro-league-2023-2024/st-liege-club-brugge-tKy8e8Tu/
Belgium Pro League,2023-2024,https://www.oddsportal.com/football/belgium/jupiler-pro-league-2023-2024/anderlecht-kv-mechelen-Q71by5rO/
Belgium Pro League,2023-2024,https://www.oddsportal.com/football/belgium/jupiler-pro-league-2023-2024/westerlo-kortrijk-O2TOiQS4/
Belgium Pro League,2023-2024,https://www.oddsportal.com/football/belgium/jupiler-pro-league-2023-2024/cercle-brugge-leuven-xnVGgnbh/
Belgium Pro League,2023-2024,https://www.oddsportal.com/football/belgium/jupiler-pro-league-2023-2024/charleroi-rwdm-brussels-8W6gxoTH/
Belgium Pro League,2023-2024,https://www.oddsportal.com/football/belgium/jupiler-pro-league-2023-2024/rwdm-brussels-gent-2TGYt9En/
Belgium Pro League,2023-2024,https://www.oddsportal.com/football/belgium/jupiler-pro-league-2023-2024/club-brugge-st-truiden-zJ8ov7b5/
Belgium Pro League,2023-2024,https://www.oddsportal.com/football/belgium/jupiler-pro-league-2023-2024/genk-westerlo-Or5sumqa/
Belgium Pro League,2023-2024,https://www.oddsportal.com/football/belgium/jupiler-pro-league-2023-2024/royale-union-sg-charleroi-WpQ2nVjP/
Belgium Pro League,2023-2024,https://www.oddsportal.com/football/belgium/jupiler-pro-league-2023-2024/kv-mechelen-antwerp-UunKNoEO/
Belgium Pro League,2023-2024,https://www.oddsportal.com/football/belgium/jupiler-pro-league-2023-2024/leuven-st-liege-tKFxtTTh/
Belgium Pro League,2023-2024,https://www.oddsportal.com/football/belgium/jupiler-pro-league-2023-2024/eupen-anderlecht-Uu8kwRDB/
Belgium Pro League,2023-2024,https://www.oddsportal.com/football/belgium/jupiler-pro-league-2023-2024/kortrijk-cercle-brugge-YgCUskat/
Belgium Pro League,2023-2024,https://www.oddsportal.com/football/belgium/jupiler-pro-league-2023-2024/club-brugge-genk-SjSCygL9/
Belgium Pro League,2023-2024,https://www.oddsportal.com/football/belgium/jupiler-pro-league-2023-2024/rwdm-brussels-royale-union-sg-AFX7xZ53/
Belgium Pro League,2023-2024,https://www.oddsportal.com/football/belgium/jupiler-pro-league-2023-2024/antwerp-gent-xCxEGiqp/
Belgium Pro League,2023-2024,https://www.oddsportal.com/football/belgium/jupiler-pro-league-2023-2024/gent-eupen-llcVob0E/
Belgium Pro League,2023-2024,https://www.oddsportal.com/football/belgium/jupiler-pro-league-2023-2024/anderlecht-club-brugge-G2DBRTEa/
Belgium Pro League,2023-2024,https://www.oddsportal.com/football/belgium/jupiler-pro-league-2023-2024/cercle-brugge-royale-union-sg-rkF3Tkpm/
Belgium Pro League,2023-2024,https://www.oddsportal.com/football/belgium/jupiler-pro-league-2023-2024/genk-st-truiden-xCE7S9ag/
Belgium Pro League,2023-2024,https://www.oddsportal.com/football/belgium/jupiler-pro-league-2023-2024/antwerp-rwdm-brussels-UoBaUVUt/
Belgium Pro League,2023-2024,https://www.oddsportal.com/football/belgium/jupiler-pro-league-2023-2024/kv-mechelen-leuven-rPq8QmU5/
Belgium Pro League,2023-2024,https://www.oddsportal.com/football/belgium/jupiler-pro-league-2023-2024/charleroi-kortrijk-GxrGORbI/
Belgium Pro League,2023-2024,https://www.oddsportal.com/football/belgium/jupiler-pro-league-2023-2024/st-liege-westerlo-MFrCP7qC/
Belgium Pro League,2023-2024,https://www.oddsportal.com/football/belgium/jupiler-pro-league-2023-2024/st-truiden-kv-mechelen-AcbRnvo8/
Belgium Pro League,2023-2024,https://www.oddsportal.com/football/belgium/jupiler-pro-league-2023-2024/leuven-gent-Ms5qOf87/
Belgium Pro League,2023-2024,https://www.oddsportal.com/football/belgium/jupiler-pro-league-2023-2024/kortrijk-anderlecht-ri6uPzg1/
Belgium Pro League,2023-2024,https://www.oddsportal.com/football/belgium/jupiler-pro-league-2023-2024/eupen-st-liege-0SGzQGwe/
Belgium Pro League,2023-2024,https://www.oddsportal.com/football/belgium/jupiler-pro-league-2023-2024/club-brugge-charleroi-lhDWQdOl/
Belgium Pro League,2023-2024,https://www.oddsportal.com/football/belgium/jupiler-pro-league-2023-2024/royale-union-sg-genk-fVDSRx9r/
Belgium Pro League,2023-2024,https://www.oddsportal.com/football/belgium/jupiler-pro-league-2023-2024/rwdm-brussels-cercle-brugge-hMR0WI0R/
Belgium Pro League,2023-2024,https://www.oddsportal.com/football/belgium/jupiler-pro-league-2023-2024/westerlo-antwerp-zoXeXboL/
Belgium Pro League,2023-2024,https://www.oddsportal.com/football/belgium/jupiler-pro-league-2023-2024/charleroi-st-truiden-dfYiYvWE/
Belgium Pro League,2023-2024,https://www.oddsportal.com/football/belgium/jupiler-pro-league-2023-2024/genk-anderlecht-2XYmZKG8/
Belgium Pro League,2023-2024,https://www.oddsportal.com/football/belgium/jupiler-pro-league-2023-2024/royale-union-sg-antwerp-lUUqz112/
Belgium Pro League,2023-2024,https://www.oddsportal.com/football/belgium/jupiler-pro-league-2023-2024/gent-club-brugge-pd43R8c2/
Belgium Pro League,2023-2024,https://www.oddsportal.com/football/belgium/jupiler-pro-league-2023-2024/st-liege-rwdm-brussels-655aSlrd/
Belgium Pro League,2023-2024,https://www.oddsportal.com/football/belgium/jupiler-pro-league-2023-2024/kv-mechelen-eupen-bu6eTUSk/
Belgium Pro League,2023-2024,https://www.oddsportal.com/football/belgium/jupiler-pro-league-2023-2024/cercle-brugge-westerlo-Kl7iUADq/
Belgium Pro League,2023-2024,https://www.oddsportal.com/football/belgium/jupiler-pro-league-2023-2024/leuven-kortrijk-E7UOYj5S/
Belgium Pro League,2023-2024,https://www.oddsportal.com/football/belgium/jupiler-pro-league-2023-2024/anderlecht-charleroi-04QKZWkM/
Belgium Pro League,2023-2024,https://www.oddsportal.com/football/belgium/jupiler-pro-league-2023-2024/st-truiden-cercle-brugge-KzSIFBbj/
Belgium Pro League,2023-2024,https://www.oddsportal.com/football/belgium/jupiler-pro-league-2023-2024/kortrijk-st-liege-WOY3wFjc/
Belgium Pro League,2023-2024,https://www.oddsportal.com/football/belgium/jupiler-pro-league-2023-2024/eupen-leuven-ILpMEVDd/
Belgium Pro League,2023-2024,https://www.oddsportal.com/football/belgium/jupiler-pro-league-2023-2024/westerlo-kv-mechelen-6sRGzDzG/
Belgium Pro League,2023-2024,https://www.oddsportal.com/football/belgium/jupiler-pro-league-2023-2024/kortrijk-eupen-z3jnLXzT/
Belgium Pro League,2023-2024,https://www.oddsportal.com/football/belgium/jupiler-pro-league-2023-2024/club-brugge-rwdm-brussels-6TorMDLM/
Belgium Pro League,2023-2024,https://www.oddsportal.com/football/belgium/jupiler-pro-league-2023-2024/genk-charleroi-xlfRPeMc/
Belgium Pro League,2023-2024,https://www.oddsportal.com/football/belgium/jupiler-pro-league-2023-2024/gent-st-truiden-SxmvNg6G/
Belgium Pro League,2023-2024,https://www.oddsportal.com/football/belgium/jupiler-pro-league-2023-2024/anderlecht-westerlo-pEcZNZjA/
Belgium Pro League,2023-2024,https://www.oddsportal.com/football/belgium/jupiler-pro-league-2023-2024/kv-mechelen-royale-union-sg-WAgVOFy4/
Belgium Pro League,2023-2024,https://www.oddsportal.com/football/belgium/jupiler-pro-league-2023-2024/st-liege-cercle-brugge-bceNQy7i/
Belgium Pro League,2023-2024,https://www.oddsportal.com/football/belgium/jupiler-pro-league-2023-2024/leuven-antwerp-b5kn2hUj/
Belgium Pro League,2023-2024,https://www.oddsportal.com/football/belgium/jupiler-pro-league-2023-2024/westerlo-gent-KEjr3YEp/
Belgium Pro League,2023-2024,https://www.oddsportal.com/football/belgium/jupiler-pro-league-2023-2024/charleroi-st-liege-2Z3G7E6T/
Belgium Pro League,2023-2024,https://www.oddsportal.com/football/belgium/jupiler-pro-league-2023-2024/cercle-brugge-genk-SGB3AGMA/
Belgium Pro League,2023-2024,https://www.oddsportal.com/football/belgium/jupiler-pro-league-2023-2024/eupen-club-brugge-lWaC8fiN/
Belgium Pro League,2023-2024,https://www.oddsportal.com/football/belgium/jupiler-pro-league-2023-2024/st-truiden-anderlecht-67A79zxH/
Belgium Pro League,2023-2024,https://www.oddsportal.com/football/belgium/jupiler-pro-league-2023-2024/royale-union-sg-leuven-bs7aBd74/
Belgium Pro League,2023-2024,https://www.oddsportal.com/football/belgium/jupiler-pro-league-2023-2024/rwdm-brussels-kv-mechelen-Kj8eCxhb/
Belgium Pro League,2023-2024,https://www.oddsportal.com/football/belgium/jupiler-pro-league-2023-2024/antwerp-kortrijk-xSIjDIxh/
Belgium Pro League,2023-2024,https://www.oddsportal.com/football/belgium/jupiler-pro-league-2023-2024/kortrijk-st-truiden-QiFnEbNo/
Belgium Pro League,2023-2024,https://www.oddsportal.com/football/belgium/jupiler-pro-league-2023-2024/westerlo-club-brugge-ClR4kFpo/
Belgium Pro League,2023-2024,https://www.oddsportal.com/football/belgium/jupiler-pro-league-2023-2024/kv-mechelen-gent-zP3y7sGI/
Belgium Pro League,2023-2024,https://www.oddsportal.com/football/belgium/jupiler-pro-league-2023-2024/anderlecht-antwerp-Im9W7N0C/
Belgium Pro League,2023-2024,https://www.oddsportal.com/football/belgium/jupiler-pro-league-2023-2024/leuven-rwdm-brussels-vcAS83o6/
Belgium Pro League,2023-2024,https://www.oddsportal.com/football/belgium/jupiler-pro-league-2023-2024/cercle-brugge-charleroi-pzBO9qWa/
Belgium Pro League,2023-2024,https://www.oddsportal.com/football/belgium/jupiler-pro-league-2023-2024/genk-eupen-WW6KAPGg/
Belgium Pro League,2023-2024,https://www.oddsportal.com/football/belgium/jupiler-pro-league-2023-2024/st-liege-royale-union-sg-l8HFB51m/
Belgium Pro League,2023-2024,https://www.oddsportal.com/football/belgium/jupiler-pro-league-2023-2024/st-truiden-st-liege-AHIBCons/
Belgium Pro League,2023-2024,https://www.oddsportal.com/football/belgium/jupiler-pro-league-2023-2024/club-brugge-kv-mechelen-hOGpHRwQ/
Belgium Pro League,2023-2024,https://www.oddsportal.com/football/belgium/jupiler-pro-league-2023-2024/gent-kortrijk-EXHtI7OJ/
Belgium Pro League,2023-2024,https://www.oddsportal.com/football/belgium/jupiler-pro-league-2023-2024/antwerp-cercle-brugge-CSwbgOoJ/
Belgium Pro League,2023-2024,https://www.oddsportal.com/football/belgium/jupiler-pro-league-2023-2024/rwdm-brussels-genk-bPZgf4WC/
Belgium Pro League,2023-2024,https://www.oddsportal.com/football/belgium/jupiler-pro-league-2023-2024/charleroi-leuven-42zjepH6/
Belgium Pro League,2023-2024,https://www.oddsportal.com/football/belgium/jupiler-pro-league-2023-2024/eupen-westerlo-QByndQ10/
Belgium Pro League,2023-2024,https://www.oddsportal.com/football/belgium/jupiler-pro-league-2023-2024/royale-union-sg-anderlecht-8zssc6nf/